name,alt,city,town
七家灣溪,,臺中市,和平區
三富溪,,花蓮縣,豐濱鄉
三棧溪,,花蓮縣,新城鄉
上坪溪,,新竹縣,"竹東鎮,五峰鄉,橫山鄉"
九棚溪,,屏東縣,"滿州鄉,牡丹鄉"
八連溪,八蓮溪,新北市,三芝區
八里溪,,臺東縣,東河鄉
大屯溪,,新北市,"淡水區,三芝區"
大竹溪,,臺東縣,"達仁鄉,太麻里鄉,大武鄉"
大武崙溪,,基隆市,安樂區
觀音溪,,桃園市,觀音區
力力溪,力里溪,屏東縣,"新埤鄉,來義鄉,春日鄉,枋寮鄉"
大安溪,,臺中市,"大安區,外埔區,大甲區,后里區,東勢區,和平區"
大和溪,,花蓮縣,光復鄉
大湖溪,,苗栗縣,"大湖鄉,泰安鄉,獅潭鄉"
大坪溪,,新竹縣,"北埔鄉,五峰鄉"
二林溪,沙山溪,彰化縣,"二林鎮,芳苑鄉"
灣丘溪,,臺南市,楠西區
灣潭溪,,新北市,雙溪區
巒大溪,,南投縣,信義鄉
二鬮溪,,新北市,三峽區
蘭陽溪,,宜蘭縣,"大同鄉,員山鄉,三星鄉,宜蘭市,五結鄉,壯圍鄉,安平區"
大甲溪,,臺中市,"東勢區,新社區,石岡區,豐原區,后里區,神岡區,外埔區,清水區,大甲區,大安區"
鹽水溪,,臺南市,"安平區,中西區,北區,永康區,安南區,新市區"
下寮溪,,新北市,汐止區
九芎坑溪,,嘉義縣,梅山鄉
九岸溪,金仔溝溪,花蓮縣,富里鄉
十八重溪,,南投縣,信義鄉
十硿子溪,石硿子溪,新北市,石碇區
三爺溪排水,"三爺溪,三爺宮溪",臺南市,"仁德區,南區,東區,永康區"
三疊溪,,雲林縣,大埤鄉
三疊溪,,嘉義縣,"溪口鄉,大林鎮,民雄鄉,梅山鄉"
口隘溪,,高雄市,"旗山區,內門區,杉林區"
土場溪,多望溪,宜蘭縣,大同鄉
大坡溪,,花蓮縣,富里鄉
麗太溪,,花蓮縣,光復鄉
欖仁溪,,屏東縣,滿州鄉
一甲排水,,臺南市,仁德區
一坑,,宜蘭縣,"三星鄉,大同鄉"
一溪,,高雄市,那瑪夏區
一號溪,,南投縣,信義鄉
丁子漏溪,,花蓮縣,"光復鄉,豐濱鄉"
丁子蘭坑,丁子蘭溪,新北市,雙溪區
丁子蘭溪,丁子蘭坑,新北市,雙溪區
七公圳,,臺中市,后里區
七分坑,,臺中市,"豐原區,新社區"
七分溝排水支線,,彰化縣,線西鄉
七打高溪,,屏東縣,獅子鄉
七佳溪,,屏東縣,"來義鄉,春日鄉"
七股坑,,苗栗縣,卓蘭鎮
七星堆埤,,桃園市,大園區
七星排水,,臺中市,太平區
七星溪,,臺中市,南屯區
七星潭排水,,花蓮縣,新城鄉
七張犁溪環中路截水道,,臺中市,北屯區、西屯區、潭子區
七番埤,,高雄市,仁武區
七結排水,,宜蘭縣,礁溪鄉
七嘉排水支線,,彰化縣,伸港鄉和美鎮
九十六甲埤放水排水路,,嘉義縣,新港鄉、民雄鄉
九仙溪,,南投縣,仁愛鄉
九芎林圳,,南投縣,埔里鎮
九芎埤,,嘉義縣,"太保市,水上鄉"
九芎湖,,宜蘭縣,三星鄉
九芎湖幹線,,新竹縣,新埔鎮
九車籠排水,,苗栗縣,後龍鎮、造橋鄉
九車籠排水支線,,苗栗縣,造橋鄉
九岸溪上游,金仔溝溪,花蓮縣,富里鄉
九狗溪,,屏東縣,"崁頂鄉,東港鎮"
九崁溝,,臺南市,龍崎區
九崁溝,,高雄市,田寮區
九湖圳,,苗栗縣,銅鑼鄉
九塊排水支線,,屏東縣,九如鄉
九號排水支線,,屏東縣,鹽埔鄉
九鬮排水,,高雄市,阿蓮區
二八張溝,,,
二十份排水,,苗栗縣,三義鄉
二仁溪,二層行溪,臺南市,"南區,仁德區,歸仁區,關廟區"
二仁溪,二層行溪,高雄市,"湖內區,茄萣區,路竹區,阿蓮區,田寮區"
二支排水支線,,屏東縣,新埤鄉
二本松溪,,,
二甲溪,,臺南市,"仁德區,歸仁區"
二坑,,宜蘭縣,"大同鄉,三星鄉"
二坪圳,,新北市,萬里區
二坪溪幹線,,桃園市,龍潭區
二林溪,,彰化縣,"芳苑鄉,二林鎮"
二重嶺溪,,臺南市,龍崎區
二崁2號排水路,,澎湖縣,西嶼鄉
二崁3號排水路,,澎湖縣,西嶼鄉
二埤,,桃園市,龍潭區
二崙大排,,雲林縣,二崙鄉、西螺鎮
二湖坑排水,,苗栗縣,西湖鄉、後龍鎮
二結排水,,宜蘭縣,五結鄉
二溪,,雲林縣,古坑鄉
二號溪,,南投縣,信義鄉
二寮坑,,苗栗縣,造橋鄉
二龍河,,宜蘭縣,頭城鎮
二龍排水,,宜蘭縣,礁溪鄉
二櫃溪,,臺中市,新社區
入莊圳,,臺中市,東勢區
八分寮溪,,新北市,瑞芳區
八尺門港,,基隆市,中正區
八甲頭新埤支線,,屏東縣,林邊鄉、南州鄉
八老爺排水,,臺南市,柳營區
八角坑,,苗栗縣,獅潭鄉
八角林河,,苗栗縣,獅潭鄉
八角亭大排,,雲林縣,二崙鄉、崙背鄉
八角亭第二放水路,,雲林縣,二崙鄉
八角塘,,桃園市,平鎮區
八卦力溪,,苗栗縣,泰安鄉
八股坑,,彰化縣,花壇鄉
八股埤,,桃園市,觀音區
八股排水幹線,,新竹市,香山區
八堵毛溪,,花蓮縣,秀林鄉
八張排水支線,,新北市,三峽區
八連圳,,新北市,三芝區
八連頂溪,,新北市,三芝區
八連溪,,新北市,三芝區
八頂溪,,南投縣,信義鄉
八煙溪,,新北市,金山區
八寮灣圳,,苗栗縣,大湖鄉
八邊溪,,臺東縣,成功鎮
八寶圳河道,,臺中市,石岡區
刀子坑溪,,,
刀石坑,,臺中市,潭子區
力力溪,,屏東縣,"新埤鄉,來義鄉,春日鄉"
力社排水幹線,,屏東縣,崁頂鄉
十一分埤,,桃園市,龍潭區
十一股溪排水支線,,南投縣,魚池
十七大排,,苗栗縣,後龍鎮
十九份溪,,苗栗縣,獅潭鄉
十九灣排水,,高雄市,鳥松區
十二小給線,,新北市,三芝區
十二分坑,,花蓮縣,壽豐鄉
十二甲支線,,臺中市,清水區
十二寮大埤,,新竹縣,峨眉鄉
十八份坑溪,,新北市,新莊區
十八份坑溪,,桃園市,龜山區
十八棟排水,,雲林縣,麥寮鄉
十八線中排,,雲林縣,麥寮鄉
十三分坑,,宜蘭縣,"冬山鄉,南澳鄉"
十三份坑排水,,宜蘭縣,冬山鄉
十三份排水,,雲林縣,斗六市
十三股大排,,宜蘭縣,礁溪鄉、壯圍鄉
十三寮排水,,臺中市,大雅區
十五小給線,,新北市,三芝區
十五間溪,,桃園市,新屋區
十六份排水,,宜蘭縣,冬山鄉、羅東鎮
十文溪,,臺中市,和平區
十四小給線,,新北市,三芝區
十四坑,,基隆市,七堵區
十四張圳支線,,臺中市,
十四寮大埤,,新竹縣,峨眉鄉
十股坑,十股坑排水,苗栗縣,苑裡鎮
十股坑排水,,苗栗縣,苑裡鎮
十股排水,,臺東縣,臺東市
十股溪,,宜蘭縣,礁溪鄉
十區埤,,新北市,三芝區
十張犁圳,,高雄市,杉林區
三七北圳幹線,,桃園市,楊梅區
三七南圳幹線,,桃園市,新屋區、楊梅區
三叉坑溪,,新北市,雙溪區
三屯圳,,桃園市,龍潭區
三屯圳,,新竹縣,關西鎮
三仙溪,,臺東縣,成功鎮
三仙溪排水,,花蓮縣,花蓮市
三奶壇排水,,高雄市,大社區
三民排水,,花蓮縣,玉里鎮
三民溪,,桃園市,"復興區,大溪區"
三份圳,,屏東縣,內埔鄉
三份坑,,宜蘭縣,頭城鎮
三合大排,,雲林縣,土庫鎮、虎尾鎮
三吉中排一,,臺南市,將軍區
三百六坑,,苗栗縣,造橋鄉
三坎溝,,臺南市,大內區
三坑,,宜蘭縣,大同鄉
三角泳支線,,臺中市,大雅區
三姓公溪,,新竹市,香山區
三姓溪,三姓公溪,新竹市,香山區
三股溪,大塭寮大排,臺南市,"七股區,西港區"
三舍排水,,臺南市,新市區
三星排水,,宜蘭縣,三星鄉
三界排水幹線,,新北市,金山區
三重溪,,嘉義縣,"中埔鄉,大埔鄉"
三重溪,,臺南市,白河區
三重歷溪,,新竹縣,竹東鎮
三家春坑,,彰化縣,花壇鄉
三峽溪,,新北市,"土城區,三峽區,樹林區"
三崁排水,,臺中市,外埔區
三張廍排水北支線,,屏東縣,里港鄉
三張廍排水幹線,,屏東縣,里港鄉
三條圳幹線第一支線,,彰化縣,溪州鄉
三條崙漁港,,雲林縣,四湖鄉
三棧北溪,,花蓮縣,秀林鄉
三棧南溪,,花蓮縣,"秀林鄉,新城鄉"
三間二號圳,,臺東縣,長濱鄉
三間屋溪,,臺東縣,長濱鄉
三塊石埤,,桃園市,大園區
三塊厝溝,,高雄市,"楠梓區,橋頭區,燕巢區"
三溝排水支線,,屏東縣,恆春鎮
三爺溪排水,,高雄市,湖內區
三爺溪排水,,臺南市,"仁德區,南區"
三爺溪排水,,"臺南縣,臺南市",
三號排水路,,臺南市,南區
三號溪,,南投縣,信義鄉
三農場排水,,花蓮縣,壽豐鄉
三寮灣部落排水,,臺南市,北門區
三寮灣堤外線排水,,臺南市,北門區
三寮灣溪,,臺南市,北門區
三層坪坑,,宜蘭縣,"冬山鄉,南澳鄉"
三興坑排水,,南投縣,南投市
三興坑排水支線,,南投縣,南投
三灣圳,,苗栗縣,三灣鄉
上大埤頭,,桃園市,觀音區
上中福支線,,桃園市,蘆竹區桃園區
上內立坑溪幹線,,新竹縣,新埔鎮
上水圳,,宜蘭縣,員山鄉
上四座屋圳,,新竹縣,新埔鎮
上吳屋坑幹線,,新竹縣,新埔鎮
上坑,,臺中市,石岡區
上坑支線,上坑排水,新竹縣,新豐鄉
上坑排水,上坑支線,新竹縣,新豐鄉
上坪圳,,苗栗縣,大湖鄉
伊卡丸溪,,臺中市,和平區
伊卡丸溪,,宜蘭縣,大同鄉
有勝溪,,宜蘭縣,大同鄉
有勝溪,,臺中市,和平區
玉峰溪,馬里闊丸溪,桃園市,復興區
三光溪,,桃園市,復興區
八甲溪,,新北市,"石門區,三芝區"
加路蘭溪,加蘭溪,花蓮縣,豐濱鄉
司界蘭溪,"四季郎溪,蘇七蘭溪,Skilan",臺中市,和平區
大富溪,,花蓮縣,秀林鄉
大德溪,,臺東縣,長濱鄉
大武溪,茶茶牙賴溪,臺東縣,"達仁鄉,大武鄉"
水母溪,,臺東縣,長濱鄉
水連溪,水璉溪,花蓮縣,壽豐鄉
蘇澳溪,,宜蘭縣,蘇澳鎮
兔子坑溪排水,鶯歌溪,新北市,鶯歌區
石山圳,石山溪,臺東縣,臺東市
七股溪,劉厝排水,臺南市,"佳里區,七股區"
柯子湖溪,柯壢坑,新竹縣,",新竹市"
打馬溝溪,,苗栗縣,公館鄉
飛鳳溪,,苗栗縣,頭屋鄉
拔仔岡溪,,苗栗縣,頭屋鄉
三峽河,三峽溪,新北市,"土城區,三峽區,樹林區"
三笠溪,,花蓮縣,玉里鎮三民
大內坑溪,,基隆市,",新北市瑞芳區"
大肚滑溪,,花蓮縣,瑞穗鄉
大興溪,,花蓮縣,"光復鄉,萬榮鄉"
山里一號溪,,臺東縣,卑南鄉
山里溪,,臺東縣,卑南鄉
中平溪,,花蓮縣,卓溪鄉
中埔溪,,新北市,三峽區
中野溪,,臺東縣,卑南鄉
中間溪,,新北市,深坑區
內田子溪,,南投縣,竹山鎮
內林溪,,雲林縣,斗六市
太多蘭溪,,花蓮縣,瑞穗鄉
文蘭溪,,花蓮縣,壽豐鄉
牛稠埔坑溪,,臺南市,白河區
仙草埔溪,,臺南市,白河區
加里洞溪,卡里屯溪,花蓮縣,鳳林鎮
加典溪,,臺東縣,"關山鎮,鹿野鄉"
北清水溪,,花蓮縣,鳳林鎮
打巴溪,,花蓮縣,卓溪鄉
安泰溪,,臺北市,內湖區
老佛溪,,屏東縣,滿州鄉
老泉溪,,臺北市,文山區
志航溪,,宜蘭縣,大同鄉
佳冬溪,,屏東縣,佳冬鄉
拔下二溪,,基隆市,七堵區
旺萊溪,,高雄市,燕巢區
阿夜西溪,安夜西溪,花蓮縣,瑞穗鄉
阿拔泉溪,,嘉義縣,"竹崎鄉,阿里山鄉"
阿美溪,阿眉溪,花蓮縣,玉里鎮
南庄溪,,新竹縣,南庄鄉
南清水溝溪,,南投縣,鹿谷鄉
柑仔坑溪,,宜蘭縣,三星鄉
茂安溪,,宜蘭縣,大同鄉
馬太鞍溪,馬鞍溪,花蓮縣,"萬榮鄉,鳳林鎮,光復鄉"
馬遠溪,,花蓮縣,萬榮鄉
崙埤溪,,宜蘭縣,大同鄉
莫溪,,花蓮縣,光復鄉
頂埔溪,,嘉義縣,竹崎鄉
麻魚寮排水,麻魚寮溪,嘉義市,",嘉義縣水上鄉,太保市"
寒溪,,宜蘭縣,大同鄉不老部落
番子路科溪,,嘉義縣,竹崎鄉
圓山溪,,宜蘭縣,三星鄉員山村
溪尾寮溪,尾寮溪,新北市,雙溪區
萬寮溪,,彰化縣,和美鎮
雷公坑溪,,南投縣,竹山鎮
電光一號溪,,臺東縣,池上鄉
電光二號溪,,臺東縣,池上鄉
嘉興溪,,宜蘭縣,大同鄉
嘉豐一號溪,,臺東縣,卑南鄉
嘉豐二號溪,,臺東縣,卑南鄉
嘉豐溪,,臺東縣,卑南鄉
福德溪,,宜蘭縣,頭城鎮
德荃溪,,宜蘭縣,大同鄉
樂和溪,,花蓮縣,玉里鎮
龍虎鬪坑,湳底溪,臺中市,潭子區
龍宮溪,,嘉義縣,布袋鎮
雙溪河,雙溪,新北市,"雙溪區,貢寮區"
羅莫溪,,花蓮縣,光復鄉
關渡溪,,臺北市,北投區
鰲溪,,花蓮縣,富里鄉
鹽水港溪,山鹽溪,高雄市,小港區
七里溪,,屏東縣,"獅子鄉,枋山鄉"
七里溪,,臺東縣,東河鄉
七股排水,,臺南市,七股區
九番埤,,高雄市,仁武區
九番埤排水,,高雄市,仁武區
二重溪,,屏東縣,里港鄉
二重溪,,高雄市,旗山區
二重溪,,臺中市,"北區,北屯區,太平區,潭子區"
二重溪,,桃園市,楊梅區
二寮溪,,嘉義縣,大埔鄉
二寮溪,,高雄市,那瑪夏區
三光溪,,宜蘭縣,大同鄉
三合溪,,高雄市,六龜區
三合溪,,南投縣,國姓鄉
三坑溪,,新北市,平溪區
三坑溪幹線,,桃園市,龍潭區
三塊厝排水,,南投縣,南投市
三塊厝排水,,臺中市,大安區
三塊厝排水幹線,,南投縣,南投
新港溪排水,新港溪,苗栗縣,竹南鎮
乾華溪,,新北市,石門區
埔坪溪,,新北市,三芝區
塔寮坑溪,新朝溪,新北市,"樹林區,新莊區"
大溪川,大溪溪,宜蘭縣,頭城鎮
寶來溪,,高雄市,"六龜區,桃源區"
尖山腳溪,,新北市,貢寮區
山間溪,,臺東縣,長濱鄉
廍子溪,,臺中市,"太平區,北屯區"
東澳溪,,宜蘭縣,"蘇澳鎮,南澳鄉"
林子溪,"公司田溪,楓樹湖溪,北投溪",新北市,淡水區
沙灣溪,,臺東縣,成功鎮
津林溪,,臺東縣,"大武鄉,達仁鄉"
馬武窟溪,馬武溪,臺東縣,"成功鎮,東河鄉"
後洲溪,,新北市,淡水區
深澳坑溪,,新北市,瑞芳區
瑪鋉溪,,新北市,萬里區
禮門溪,,新北市,汐止區
興仁溪,,新北市,"淡水區,三芝區"
港子溪,,屏東縣,"滿州鄉,牡丹鄉"
薯寮溪,"蕃寮溪,蕃薯寮溪",花蓮縣,"豐濱鄉,壽豐鄉"
鹿港溪,"員林大排水,大武郡溪",彰化縣,鹿港鎮
東螺溪,"舊濁水溪,北斗溪,麥嶼溪,麥嶼厝溪",彰化縣,"溪州鄉,北斗鎮,田尾鄉,埤頭鄉,二林鎮,溪湖鎮,埔鹽鄉,福興鄉"
白米溪,白米河,宜蘭縣,蘇澳鎮
蒼庫溪,倉庫溪,南投縣,信義鄉
大東河,東河溪,苗栗縣,南庄鄉
大羅蘭溪,,新北市,烏來區
楓溪,,宜蘭縣,南澳鄉
武拉庫散溪,拉庫散溪,臺東縣,海端鄉
雪山溪,次高溪,苗栗縣,泰安鄉
崎腳溪,,嘉義縣,竹崎鄉
大塭寮排水,三股溪,臺南市,七股區
內田排水排水路,鹿草溪,嘉義縣,布袋鎮
匹亞桑溪,,臺中市,和平區
扎孔溪,"札孔溪,軋孔溪",新北市,烏來區
石龜溪,,嘉義縣,"溪口鄉,大林鎮,雲林縣斗南鎮,古坑鄉,嘉義縣梅山鄉"
虎頭溪排水,虎頭溪,臺南市,新化區
柴頭港溪排水,柴頭港溪,臺南市,"東區,北區"
將軍溪排水,將軍溪,臺南市,將軍區
排谷溪,排骨溪,宜蘭縣,大同鄉
港尾子溪排水,港尾子溪,臺中市,西屯區
港尾溝溪排水,港尾溝溪,臺南市,仁德區
暖暖溪,,基隆市,暖暖區
楠溪,,臺東縣,關山鎮
碧水溪,,宜蘭縣,大同鄉
八掌溪,,嘉義縣,"中埔鄉,番路鄉,義竹鄉,鹿草鄉,竹崎鄉,布袋鎮"
八掌溪,,嘉義市,"東區,西區"
八掌溪,,臺南市,"鹽水區,後壁區,北門區"
七里溪,十里溪,屏東縣,獅子鄉
丹大溪,,南投縣,信義鄉
塔克金溪,,新竹縣,尖石鄉
大豹溪,,新北市,三峽區
大里溪,,臺中市,大里區
寧埔溪,,臺東縣,長濱鄉
寶斗溪,,新北市,林口區
智慧溪,,新北市,汐止區
柳川,,臺中市,"豐原區,潭子區,烏日區"
指南溪,,臺北市,文山區
郡大溪,,南投縣,信義鄉
石盤溪,,屏東縣,"枋山鄉,獅子鄉"
烏萬溪,,臺東縣,"大武鄉,達仁鄉"
真柄溪,馬海溪,臺東縣,長濱鄉
達仁溪,,臺東縣,達仁鄉
豐濱溪,,花蓮縣,豐濱鄉
牛角灣溪,,屏東縣,"瑪家鄉,內埔鄉"
白樹腳溪,,嘉義縣,竹崎鄉
吧沙加魯溪,,屏東縣,滿州鄉
大雪溪,,苗栗縣,泰安鄉
烏石坑溪,,臺中市,和平區
霞喀羅溪,,新竹縣,五峰鄉
秀巒溪,,花蓮縣,"富里鄉,卓溪鄉"
鹽水坑溪,,苗栗縣,獅潭鄉
留茂安溪,,宜蘭縣,大同鄉
鹿耳門溪,,臺南市,安南區
馬達拉溪,,苗栗縣,泰安鄉
馬佛溪,,花蓮縣,光復鄉
馬加祿溪,,花蓮縣,富里鄉
碼崙溪,,宜蘭縣,大同鄉
南河溪,,苗栗縣,南庄鄉
愛河,,高雄市,"仁武區,三民區,左營區,鼓山區,前金區,鹽埕區"
內雙溪,,臺北市,士林區
大坡溪,,臺東縣,池上鄉
內茅埔溪,,南投縣,信義鄉
天狗溪,田古爾溪,宜蘭縣,大同鄉
木坑溪,,臺東縣,鹿野鄉
牛稠埔溪,,高雄市,田寮區
加納富溪,,宜蘭縣,大同鄉
加蘭溪,,宜蘭縣,大同鄉
永定溪,,新北市,石碇區
石厝坑溪,,基隆市,七堵區
石哢溪,,嘉義縣,中埔鄉
竹崙溪,,新北市,三峽區
沙里仙溪,,南投縣,東埔鄉
卓棍溪,,南投縣,信義鄉
和社溪,,南投縣,信義鄉
坪溪,,新北市,雙溪區
林祿溪,,屏東縣,滿州鄉
河內溪,大農溪,花蓮縣,光復鄉
泥水溪,,臺東縣,池上鄉
芭蕉溪,,雲林縣,"斗六市,古坑鄉"
金面溪,,宜蘭縣,頭城鎮
後坑子溪,後坑溪,新北市,石碇區
密枝溪,,臺南市,楠西區
梵梵溪,,宜蘭縣,大同鄉
筆石溪,,南投縣,信義鄉
樂合溪,,花蓮縣,玉里鎮
頭城溪,,宜蘭縣,頭城鎮
貴子坑溪,,臺北市,北投區
磺港溪,,臺北市,北投區
城埔溪,,臺東縣,長濱鄉
大堀溪,,桃園市,"觀音區,新屋區,中壢區,楊梅區"
林口溪,,新北市,林口區
桶後溪,,新北市,烏來區
樹梅坑溪,,新北市,淡水區
橫溪,,新北市,三峽區
草濫溪,,新北市,汐止區
金瓜寮溪,,新北市,坪林區
富家溪,,臺東縣,成功鎮
都蘭溪,,臺東縣,東河鄉
良里溪,"大清水溪,和仁溪,卡那剛溪,卡那岡溪",花蓮縣,秀林鄉
竹湖溪,,臺東縣,長濱鄉
里仁溪,,屏東縣,牡丹鄉
通霄溪,,苗栗縣,通霄鎮
白石溪,薩克亞金溪,新竹縣,尖石鄉
大安溪,,苗栗縣,"苑裡鎮,三義鄉,卓蘭鎮,泰安鄉"
東壘溪,,宜蘭縣,大同鄉
高寮溪,,花蓮縣,玉里鎮
泰崗溪,,新竹縣,尖石鄉
五十溪,,宜蘭縣,員山鄉
烏塗溪,,新北市,石碇區
小礁溪,,宜蘭縣,礁溪鄉
小路溪,,屏東縣,"滿州鄉,牡丹鄉"
雪山坑溪,,臺中市,和平區
旭海溪,牡丹溪,屏東縣,牡丹鄉
尋腰溪,,花蓮縣,玉里鎮
松羅溪,,宜蘭縣,大同鄉
螺仔溪,,花蓮縣,富里鄉
呂範溪,,花蓮縣,玉里鎮
內溝溪,,臺北市,"內湖區,新北市汐止區"
加走寮溪,,南投縣,竹山鎮
加都魯溪,,屏東縣,滿州鄉
石子坑溪,,雲林縣,斗六市
志樂溪,,臺中市,和平區
典寶溪排水,典寶溪,高雄市,
官田溪,,臺南市,官田區
岡山溪,,高雄市,岡山區
油車溪,,臺南市,"楠西區,玉井區"
阿里不動溪,,南投縣,信義鄉
後旦溪,,臺南市,玉井區
美優溪,,宜蘭縣,大同鄉
苓仔溪,苓雅溪,花蓮縣,玉里鎮
過溪,,南投縣,竹山鎮
樟平溪,,南投縣,中寮鄉
員潭溪,,新北市,"金山區,萬里區"
四重溪,,屏東縣,"牡丹鄉,車城鄉"
外雙溪,,臺北市,"北投區,士林區"
太平溪,大巴六九溪,臺東縣,"臺東市,卑南鄉"
太麻里溪,,臺東縣,"太麻里鄉,金峰鄉"
後勁溪,,高雄市,"楠梓區,仁武區,大社區"
得子口溪,,宜蘭縣,"礁溪鄉,壯圍鄉,頭城鎮"
房裡溪,,苗栗縣,苑裡鎮
文里溪,,臺東縣,"太麻里鄉,金峰鄉"
新城溪,,宜蘭縣,"蘇澳鎮,冬山鄉,南澳鄉,大同鄉"
新港溪,"成功溪,巴拿尼灣溪",臺東縣,成功鎮
新豐溪,,新竹縣,"新豐鄉,湖口鄉"
老田寮溪,,苗栗縣,頭屋鄉
溫寮溪,,臺中市,"大安區,大甲區,外埔區"
紅水仙溪,水仙溪,新北市,"八里區,林口區"
食水嵙溪,,臺中市,"石岡區,新社區"
長濱溪,,臺東縣,長濱鄉
港口溪,,屏東縣,"滿州鄉,恆春鎮,牡丹鄉"
羊寮溪,福興溪,桃園市,"新屋區,楊梅區"
都威溪,,臺東縣,成功鎮
石公溪,,花蓮縣,秀林鄉
塔羅灣溪,,南投縣,仁愛鄉
白沙彌溪,,屏東縣,滿州鄉
拔西猴溪,,基隆市,七堵區
北溝溪,,臺中市,霧峰區
鳳林溪,,花蓮縣,鳳林鎮
武鹿溪,,高雄市,旗山區
新隆河,"老雞隆溪,雞隆河",苗栗縣,銅鑼鄉
崙天溪,,花蓮縣,卓溪鄉
瑪陵坑溪,,基隆市,七堵區
水里溪,,南投縣,"水里鄉,魚池鄉"
旗山溪,,高雄市,"那瑪夏區,甲仙區,杉林區,旗山區"
德盛溪,,桃園市,",新竹縣"
沙河溪,,苗栗縣,頭屋鄉
冬山河,,宜蘭縣,"冬山鄉,五結鄉"
二仁溪,,高雄市,"內門區,田寮區,阿蓮區,路竹區,湖內區,茄萣區"
萬大溪,,南投縣,仁愛鄉
加鹿溪,,臺東縣,"關山鎮,海端鄉"
四重溪,,宜蘭縣,大同鄉四季部落
石榴班溪,,雲林縣,斗六市
和平北溪,,宜蘭縣,南澳鄉
東廣寮溪,,嘉義縣,竹崎鄉
南清水溪,,花蓮縣,光復鄉大興村
南勢湖溪,南湖溪,屏東縣,獅子鄉
海豐崙溪,,雲林縣,斗六市
破礑溪,,宜蘭縣,大同鄉
荖溪,,花蓮縣,壽豐鄉
郡坑溪,,南投縣,信義鄉
猴洞坑溪,,臺北市,士林區
雲林溪,,雲林縣,"斗南鎮,斗六市,古坑鄉"
嘉武溪,,臺東縣,關山鎮
利嘉溪,呂家溪,臺東縣,"臺東市,卑南鄉"
卓溪,,花蓮縣,"玉里鎮,卓溪鄉"
南澳溪,大南澳溪,宜蘭縣,"南澳鄉,蘇澳鎮"
安朔溪,,臺東縣,"大武鄉,達仁鄉"
富林溪,,桃園市,觀音區
小坑溪,,新北市,石門區
康誥坑溪,,新北市,汐止區
新屋溪,,桃園市,"新屋區,觀音區"
新武呂溪,,臺東縣,"海端鄉,池上鄉,關山鎮"
楓林溪,,新北市,石門區
美濃溪,,高雄市,"旗山區,美濃區,杉林區"
社子溪,,桃園市,"新屋區,楊梅區"
眉溪,,南投縣,"埔里鎮,仁愛鄉"
油羅溪,,新竹縣,"芎林鄉,橫山鄉,尖石鄉"
老梅溪,,新北市,"石門區,三芝區"
苑裡溪,,苗栗縣,"通霄鎮,苑裡鎮"
牡丹溪,,屏東縣,牡丹鄉
金崙溪,,臺東縣,"太麻里鄉,金峰鄉"
率芒溪,,屏東縣,"枋山鄉,枋寮鄉,春日鄉,獅子鄉"
四分溪,,臺北市,南港區
大漢溪,大嵙崁溪,桃園市,"龍潭區,大溪區,龜山區,復興區"
大漢溪,大嵙崁溪,新北市,"三峽區,鶯歌區,樹林區,板橋區,土城區"
大漢溪,大嵙崁溪,新竹縣,尖石鄉
隘寮北溪,,屏東縣,"三地門鄉,霧臺鄉"
安通溪,,花蓮縣,玉里鎮
北坑溪,,苗栗縣,泰安鄉
赤蘭溪,,嘉義縣,"番路鄉,水上鄉"
打狗溪,,宜蘭縣,冬山鄉
大梅溪,,屏東縣,"車城鄉,牡丹鄉"
六重溪,,臺南市,白河區
鹿鳴溪,,臺東縣,延平鄉
崙子溪,,雲林縣,"斗南鎮,古坑鄉"
卡社溪,,南投縣,"信義鄉,仁愛鄉"
景山溪,,苗栗縣,三義鄉
保長坑溪,,新北市,汐止區
水長流溪,,南投縣,國姓鄉
光復溪,,花蓮縣,光復鄉
竹社溪,,屏東縣,牡丹鄉
南澳南溪,,宜蘭縣,蘇澳鎮、南澳鄉
紅石溪,,臺東縣,關山鎮
烏牛欄溪,,臺中市,豐原區
澐水溪,,嘉義縣,中埔鄉
保力溪,,屏東縣,"車城鄉,恆春鎮,牡丹鄉"
吉安溪,,花蓮縣,"花蓮市,吉安鄉"
和平溪,大濁水溪,宜蘭縣,"南澳鄉,花蓮縣秀林鄉"
塔瓦溪,,臺東縣,達仁鄉
朝庸溪,,臺東縣,"大武鄉,達仁鄉"
東埔蚋溪,,南投縣,"竹山鎮,鹿谷鄉"
枋山溪,,屏東縣,"枋山鄉,獅子鄉"
陳有蘭溪,,南投縣,"信義鄉,水里鄉"
安農溪,,宜蘭縣,三星鄉
出水溪,,宜蘭縣,大同鄉
大埔溪,,雲林縣,斗六市
大礁溪,,宜蘭縣,礁溪鄉
頂粗坑溪,,宜蘭縣,員山鄉
松子腳溪,,高雄市,田寮區
六股溪,六股溪排水,桃園市,"新屋區,楊梅區"
豐坪溪,,花蓮縣,卓溪鄉
平林溪,,南投縣,中寮鄉
那拔林溪,那菝林溪,臺南市,新化區
和平溪,,臺東縣,卑南鄉
南澳北溪,,宜蘭縣,蘇澳鎮、南澳鄉
後寮溪,,新北市,雙溪區
魚寮溪,,彰化縣,大城鄉
大湖溪,,宜蘭縣,員山鄉
後堀溪,,臺南市,"南化區,玉井區"
南湖溪,,苗栗縣,大湖鄉
頭汴坑溪,,臺中市,"大里區,太平區,新社區"
阿眉溪,,花蓮縣,富里鄉
石門溪,,新北市,石門區
青潭溪,,新北市,"新店區,石碇區"
紅葉溪,,花蓮縣,"卓溪鄉,萬榮鄉,瑞穗鄉"
濁口溪,,高雄市,"六龜區,茂林區,桃源區"
埔心溪,,桃園市,"蘆竹區,大園區,桃園區"
洋仔厝溪,,彰化縣,"彰化市,花壇鄉,秀水鄉,和美鎮,鹿港鎮"
阿里山溪,,嘉義縣,阿里山鄉
白水溪,,臺南市,白河區
霄裡溪,,新竹縣,新埔鎮
崁頂溪,,臺東縣,關山鎮
樂樂溪,,花蓮縣,"玉里鎮,卓溪鄉"
無名溪,,新北市,深坑區
宜蘭河,宜蘭溪,宜蘭縣,"宜蘭市,壯圍鄉"
萬里溪,,花蓮縣,"萬榮鄉,鳳林鎮"
牛埔溪,牛埔子溪,雲林縣,斗六市
牛埔溪,,屏東縣,
獅子頭溪,,嘉義縣,竹崎鄉
峨眉溪,,苗栗縣,三灣鄉
鹿野溪,,臺東縣,"延平鄉,卑南鄉,鹿野鄉,海端鄉"
草湖溪,,臺中市,"霧峰區,大里區,太平區"
隘寮南溪,,屏東縣,"三地門鄉,瑪家鄉,泰武鄉,霧臺鄉"
大湖口溪,,雲林縣,"大埤鄉,斗南鎮,古坑鄉"
富源溪,,花蓮縣,瑞穗鄉
深坑子溪,,臺南市,關廟區
客雅溪,,新竹縣,寶山鄉
筏子溪,,臺中市,"神岡區,大雅區,烏日區,西屯區,南屯區"
老街溪,,桃園市,"龍潭區,平鎮區,中壢區,大園區"
磺溪,,臺北市,士林區
汶水溪,,苗栗縣,"獅潭鄉,大湖鄉,泰安鄉"
羅東溪,,宜蘭縣,"大同鄉,冬山鄉,三星鄉,羅東鎮"
磺溪,,新北市,金山區
新街溪,石頭溪,桃園市,"龍潭區,平鎮區,中壢區,大園區"
美崙溪,,花蓮縣,"花蓮市,新城鄉,秀林鄉"
知本溪,,臺東縣,"臺東市,太麻里鄉,卑南鄉,金峰鄉"
菜寮溪,,臺南市,左鎮區
粗坑溪,,宜蘭縣,員山鄉
富興溪,,花蓮縣,瑞穗鄉
阿公店溪,,高雄市,"岡山區,燕巢區,阿蓮區,路竹區,永安區,彌陀區"
景美溪,,臺北市,文山區
龜重溪,,臺南市,"柳營區,東山區"
林邊溪,,屏東縣,"泰武鄉,來義鄉,新埤鄉,佳冬鄉,林邊鄉"
南崁溪,,桃園市,"蘆竹區,大園區,桃園區,龜山區"
花蓮溪,,花蓮縣,"秀林鄉,壽豐鄉,萬榮鄉,鳳林鎮,光復鄉"
壽豐溪,,花蓮縣,"壽豐鄉,鳳林鎮"
雙溪,,臺北市,士林區
萬安溪,,臺東縣,池上鄉
楓港溪,,屏東縣,"枋山鄉,獅子鄉"
萬安溪,,屏東縣,萬巒鄉
木瓜溪,,花蓮縣,"秀林鄉,壽豐鄉,吉安鄉"
武洛溪,,屏東縣,"屏東市,九如鄉,鹽埔鄉,里港鄉,高樹鄉"
和平南溪,,宜蘭縣,"南澳鄉,花蓮縣秀林鄉"
立霧溪,,花蓮縣,秀林鄉
西湖溪,,苗栗縣,"後龍鎮,西湖鄉,銅鑼鄉,三義鄉"
荖濃溪,,高雄市,"六龜區,茂林區,桃源區"
石牛溪,,雲林縣,"虎尾鎮,斗南鎮,斗六市,古坑鄉"
竹坑溪,,新北市,三峽區
朴子溪,,嘉義縣,"竹崎鄉,民雄鄉,太保市,新港鄉,六腳鄉,朴子市"
虎尾溪,,雲林縣,"元長鄉,大埤鄉,土庫鎮,虎尾鎮,斗南鎮,斗六市,莿桐鄉,林內鄉,古坑鄉"
許縣溪,,臺南市,新化區
新虎尾溪,,雲林縣,"林內鄉,西螺鎮,二崙鄉,崙背鄉,麥寮鄉,虎尾鎮,土庫鎮,褒忠鄉,東勢鄉,臺西鄉"
貓羅溪,,彰化縣,"彰化市,芬園鄉"
中港溪,,苗栗縣,"竹南鎮,後龍鎮"
後龍溪,,苗栗縣,"公館鄉,苗栗市,頭屋鄉,造橋鄉,後龍鎮"
淡水河,,新北市,"三峽區,鶯歌區,樹林區,土城區,板橋區,三重區,新莊區,蘆洲區,五股區,八里區,淡水區,新店區,深坑區,汐止區,瑞芳區,平溪區,泰山區,石碇區,坪林區,中和區,永和區"
秀姑巒溪,,花蓮縣,"瑞穗鄉,萬榮鄉,玉里鎮,卓溪鄉,富里鄉"
舊虎尾溪,,雲林縣,"四湖鄉,臺西鄉,褒忠鄉,元長鄉,東勢鄉"
卑南溪,,臺東縣,"臺東市,卑南鄉,延平鄉,鹿野鄉,關山鎮,海端鄉,池上鄉"
鳳山溪,前鎮河,高雄市,"大樹區,大寮區,鳥松區,鳳山區,前鎮區"
鳳山溪,,新竹縣,"尖石鄉,關西鎮,新埔鎮,橫山鄉,湖口鄉,竹北市"
新店溪,,新北市,"新店區,中和區,永和區,板橋區"
新店溪,,苗栗縣,獅潭鄉
急水溪,,臺南市,"白河區,新營區,鹽水區,學甲區,柳營區,東山區,北門區,後壁區,六甲區,下營區"
牛稠溪,,嘉義縣,"民雄鄉,竹崎鄉,番路鄉"
鹿寮溪,,臺東縣,"鹿野鄉,延平鄉,海端鄉"
隘寮溪,,屏東縣,"高樹鄉,三地門鄉,瑪家鄉,泰武鄉,霧臺鄉"
南勢溪,,新北市,"烏來區,新店區"
鹿寮溪,,臺南市,東山區
鹿寮溪,友蚋溪,基隆市,七堵區
隘寮溪,,南投縣,草屯鎮
旱溪,,臺中市,東區
東港溪,,屏東縣,"內埔鄉,萬巒鄉,竹田鄉,潮州鎮,萬丹鄉,崁頂鄉,新園鄉,東港鎮"
高屏溪,,高雄市,"林園區,大寮區,大樹區,六龜區,內門區,甲仙區,茂林區,桃源區,那瑪夏區,杉林區"
南港溪,,苗栗縣,"造橋鄉,竹南鎮,頭份市,三灣鄉,南庄鄉,獅潭鄉"
烏溪,大肚溪,臺中市,"霧峰區,烏日區,大肚區,龍井區"
南港溪,,南投縣,魚池鄉
大坑溪,"舊莊溪,東勢坑溪",新北市,汐止區
大坑溪,,臺中市,"北屯區,太平區"
大坑溪,,宜蘭縣,大同鄉
頭前溪,,新竹縣,"五峰鄉,橫山鄉,尖石鄉,芎林鄉,竹北市"
頭前溪,,臺南市,白河區
乾溪,,臺中市,霧峰區
乾溪,里仁溪,屏東縣,牡丹鄉
乾溪,,雲林縣,"斗六市,林內鄉"
茄苳溪,,臺南市,東山區
北港溪,,南投縣,國姓鄉
北港溪,,新北市,汐止區
茄苳溪,,新北市,汐止區
茄苳溪,,桃園市,"龍潭區,桃園區,蘆竹區"
北港溪,,雲林縣,"斗六市,斗南鎮,虎尾鎮,土庫鎮,大埤鄉,元長鄉,北港鎮,口湖鄉,水林鄉,古坑鄉"
基隆河,,臺北市,"士林區,北投區,中山區,松山區,內湖區,南港區"
北勢溪,,屏東縣,枋寮鄉
北勢溪,,新北市,"雙溪區,坪林區,石碇區,新店區"
曾文溪,,臺南市,"楠西區,玉井區,大內區,山上區,善化區,官田區,麻豆區,安定區,西港區,七股區,安南區"
清水溪,,花蓮縣,卓溪鄉
清水溪,,宜蘭縣,"三星鄉,大同鄉"
清水溪,,嘉義縣,竹崎鄉
清水溪,,南投縣,"竹山鎮,雲林縣古坑鄉"
濁水溪,,彰化縣,"大城鄉,竹塘鄉,溪州鄉,田中鎮,二水鄉"
濁水溪,,嘉義縣,"竹崎鄉,番路鄉"
濁水溪,,臺東縣,關山鎮
濁水溪,,高雄市,燕巢區
丁壩,,,
土石清疏,,,
土壩,,,
生態復育工程,,,
沉砂工程,,,
災害復健工程,,,
防砂壩,,,
崩塌地,,,
梳子壩,,,
野溪治理,,,
野溪復建,,,
野溪整治,,,
節制壩,,,
潛壩,,,
整流工,,,
護岸,,,
四季郎溪,,臺中市,和平區
鹽港溪,,苗栗縣,竹南鎮
鹽港溪,,新竹市,香山區
𫙮魚坑溪,,,
上坪攔河堰導水路,,新竹縣,竹東鎮
上林圳,,南投縣,魚池鄉
上茄苳埤,,臺南市,"白河區,後壁區"
上崙排水,,臺南市,仁德區
上寮排水,,高雄市,大寮區
上槺榔溪幹線,,桃園市,新屋區
上橫山支線,,臺中市,大雅區
下大坑,,苗栗縣,公館鄉
下山坑排水,,彰化縣,芬園鄉
下山溪,,臺南市,七股區
下中福支線,,桃園市,蘆竹區
下內立坑溪線,,新竹縣,新埔鎮
下木浪坑,,臺中市,東勢區
下半天排水路,,嘉義縣,太保市、鹿草鄉
下田溪,,桃園市,新屋區
下石門排水幹線,,南投縣,國姓
下圭柔山溪,,新北市,"淡水區,三芝區"
下冷水坑圳,,屏東縣,九如鄉
下冷水坑排水幹線,,屏東縣,屏東市、九如鄉
下坑,,臺中市,石岡區
下坑中排,,高雄市,路竹區
下坑溪,,新北市,雙溪區
下角港溪,,臺東縣,東河鄉
下坪仔排水,,臺中市,新社區
下林厝坑,,臺中市,西屯區
下洲子中排一,,臺南市,安定區
下洲子中排二,,臺南市,安定區
下茄苳排水,,臺南市,後壁區
下員山圳1號支線,,新竹縣,竹東鎮
下員林支線,,臺中市,大雅區
下埔排水,,宜蘭縣,頭城鎮、礁溪鄉
下崁子排水支線,,南投縣,草屯
下崙大排一,,雲林縣,口湖鄉、四湖鄉
下崙大排二,,雲林縣,口湖鄉
下康樂排水,,臺東縣,臺東市
下排坑排水,,新竹縣,新埔鎮
下淡水溪支流,,屏東縣,萬丹鄉
下陰影窩溪,,桃園市,"楊梅區,新屋區"
下勞灣溪,樂合溪,花蓮縣,玉里鎮
下堡區排,頂堡溝,金門縣,金寧鄉
下痢坑,,臺南市,南化區
下塘埤,,桃園市,觀音區
下溪洲分線,,臺中市,神岡區
下溪洲支線,,臺中市,神岡區
下溪洲排水,,臺南市,學甲區
下廍溪,,,
下廓溪,,屏東縣,東港鎮
下橋子頭排水,,臺中市,東區 大里區
下橫坑,,新竹縣,關西鎮
下橫坑,,臺中市,東勢區
下橫坑溪,,新竹縣,關西鎮新力里
下龍貍溪,,屏東縣,車城鄉
下營排水,,臺南市,下營區
丸田溪,,花蓮縣,秀林鄉
久良屏溪,,臺中市,和平區
口社溪,,屏東縣,"高樹鄉,三地門鄉"
口厝排水一號支線,,彰化縣,線西鄉
口厝排水二號支線,,彰化縣,線西鄉
土人頭坑,,臺南市,白河區
土牛溪排水,,苗栗縣,頭份鎮
土地公坑,,彰化縣,員林市
土地公坑,,雲林縣,斗六市
土地公坑,,南投縣,中寮鄉
土地公坑,,臺中市,北屯區
土地公坑,土地公坑溪,南投縣,"中寮鄉,國姓鄉"
土地公坑,土地公坑溪,雲林縣,斗六市
土地公坑,土地公坑溪,臺中市,北屯區
土地公坑,土地公坑溪,彰化縣,員林市
土地公埔一圳,,新竹縣,新埔鎮
土地公埤,,桃園市,觀音區
土地公排水幹線,,桃園市,蘆竹區
土地公溪,,彰化縣,"彰化市,花壇鄉"
土地公溪,,新北市,三峽區
土南坑,,南投縣,國姓鄉
土城子一之二排水,,臺南市,安南區
土城仔排水,,臺南市,安南區
土城埤支線,,臺中市,大里區
土城溪,,苗栗縣,通霄鎮
土埋坑,,臺南市,六甲區
土庫排水,,高雄市,岡山區、路竹區、阿蓮區
土庫排水幹線,,屏東縣,里港鄉
土庫溝排水,,臺南市,歸仁區、仁德區
土庫溪,,臺中市,"南屯區,烏日區"
土庫溪排水,,臺中市,北屯區
土場溪,,新竹縣,五峰鄉
土間厝大排,,雲林縣,北港鎮、水林鄉
土銀溝排水,,雲林縣,麥寮鄉
土濁坑,,南投縣,信義鄉
土龍溝埤,,桃園市,觀音區
士文溪,,屏東縣,春日鄉
大山坑,,臺南市,六甲區
大山溝,,高雄市,田寮區
大不岸溪,,花蓮縣,豐濱鄉
大仁排水支線,,屏東縣,鹽埔鄉
大內坑溪排水,,"新北市,基隆市",
大內排水,,臺南市,大內區
大屯中排,,臺南市,下營區
大牛林坑,,臺南市,南化區
大丘園坑,,彰化縣,二水鄉
大北坑,,新竹縣,新埔鎮
大北坑,,桃園市,龍潭區
大北坑溪,,,
大北勢溪,,高雄市,甲仙區
大古溪,,桃園市,"觀音區,新屋區"
大平坑,,高雄市,美濃區
大平窩溪,,新竹縣,新埔鎮
大甲九圳,,新北市,鶯歌區
大甲排水,,臺南市,仁德區
大甲溪,,宜蘭縣,大同鄉
大甲溪口,,臺中市,大安區
大目幹溪,,臺南市,新化區
大石坑,,南投縣,國姓鄉
大石板溪,,屏東縣,車城鄉
大石股圳,,南投縣,國姓鄉
大光明圳,,宜蘭縣,"冬山鄉,三星鄉"
大吉排水,,宜蘭縣,五結鄉
大宅坑,,臺南市,楠西區
大安圳幹線,,新北市,土城區
大安圳幹線媽祖田支線,,新北市,土城區
大庄支線,,臺中市,梧棲區
大庄排水,,南投縣,名間鄉
大有大排一,,雲林縣,崙背鄉
大池1號排水路,,澎湖縣,西嶼鄉
大池2號排水路,,澎湖縣,西嶼鄉
大竹圍一圳,,新北市,淡水區
大竹溪,,嘉義縣,大埔鄉
大西排水,,苗栗縣,造橋鄉
大冷坑,,南投縣,國姓鄉
大坑,,南投縣,名間鄉
大坑,,苗栗縣,公館鄉
大坑坎幹線,,桃園市,平鎮區
大坑缺溪,,桃園市,龍潭區
大坑排水,,高雄市,大樹區
大坑排水,,苗栗縣,西湖鄉
大坑排水分線,,南投縣,埔里
大坑溝,,高雄市,大樹區
大坑溪,,高雄市,美濃區
大坑溪,,南投縣,竹山鎮
大坑溪,,苗栗縣,通霄鎮
大坑溪,,桃園市,"蘆竹區,龜山區"
大坑溪,,花蓮縣,富里鄉
大坑溪,,新北市,三芝區
大坑溪,,臺北市,南港區
大坑溪排水(右岸),,新北市,汐止區
大坑溪排水(左岸),,臺北市,
大坑溪排水幹線,,桃園市,蘆竹區、龜山區
大沙溪,,花蓮縣,秀林鄉
大肚溪,,新竹縣,"竹東鎮,芎林鄉"
大肚溪大排,,苗栗縣,"造橋鄉,後龍鎮"
大和排水支線,,屏東縣,高樹鄉
大坡池,,臺東縣,池上鄉
大坡溪,,桃園市,新屋區
大坡腳埤,,桃園市,觀音區
大坪圳,,新北市,萬里區
大坪坑,,南投縣,國姓鄉
大坪林西幹線,,新北市,新店區
大坪林東幹線,,新北市,新店區
大坪溪,,臺南市,"關廟區,龍崎區"
大坪溪,,高雄市,田寮區
大東中排,,雲林縣,斗南鎮
大東坑,,新竹縣,"新埔鎮,關西鎮"
大東河,,苗栗縣,南庄鄉
大東勢溪,,苗栗縣,獅潭鄉
大林圳,,南投縣,魚池鄉
大武丁排水幹線,,屏東縣,佳冬鄉
大武溪,,臺東縣,"大武鄉,達仁鄉"
大社支線七號支線,,臺中市,大雅區
大社排水,,高雄市,大社區
大社排水,,臺南市,新市區
大社溪,,屏東縣,三地門鄉
大金面第一湧泉圳,,宜蘭縣,頭城鎮
大金面第二湧泉圳,,宜蘭縣,頭城鎮
大金面湧泉圳,,宜蘭縣,頭城鎮
大南坑,,臺中市,東勢區
大南坑,,新竹縣,北埔鄉
大南河,,苗栗縣,南庄鄉
大南埔圳,,苗栗縣,"三灣鄉,南庄鄉"
大南溪,,臺東縣,卑南鄉
大南澳圳第一幹線,,宜蘭縣,蘇澳鎮
大後溪,托阿沃溪,屏東縣,來義鄉
大後溪,托阿沃溪,,
大洲排水,,臺南市,善化區、新市區、永康區、安南區
大流溪,,屏東縣,牡丹鄉
大禹排水,,花蓮縣,玉里鎮
大茅埔圳,,臺中市,東勢區
大俱來一號圳,,臺東縣,長濱鄉
大埒尾支線,,苗栗縣,後龍鎮
大埔支線,,新北市,三峽區
大埔坑,,臺南市,官田區
大埔美排水,,嘉義縣,大林鎮
大埔美溪,,嘉義縣,大林鎮
大埔厝圳支線,,"臺中縣,臺中市",
大埔埤,,桃園市,大園區
大埔排水,,宜蘭縣,五結鄉
大埔溪,,臺中市,后里區
大埔溪,,,
大峰峰圳,,臺東縣,長濱鄉
大烏溪,,臺東縣,大武鄉
大草埤,,桃園市,觀音區
大草庴埤,,桃園市,桃園區
大草排坑,,苗栗縣,卓蘭鎮
大荖大排,,雲林縣,土庫鎮
大荖藤溪,,高雄市,杉林區
大匏崙溝,,臺南市,大內區
大埤,,苗栗縣,造橋鄉
大埤,,新竹縣,竹東鎮
大埤,,桃園市,觀音區
大埤中排一,,臺南市,下營區
大埤中排二,,臺南市,下營區
大埤中排三,,臺南市,下營區
大埤排水支線,,南投縣,南投
大埤溝,,臺南市,龍崎區
大埤潭,,苗栗縣,大湖鄉
大崎分洪排水,,嘉義縣,民雄鄉
大崙大排,,雲林縣,斗六市
大崙坑,,彰化縣,員林市
大崙湖,,臺北市,內湖區
大崙溝,,高雄市,田寮區
大崙溪,,臺東,
大崙溪,,臺東縣,海端鄉
大崛坑,,臺中市,霧峰區
大梅溪,,屏東縣牡丹鄉,
大深坑,,彰化縣,芬園鄉
大深坑,,桃園市,新屋區
大深坑,,新竹縣,新豐鄉
大清水溪,,花蓮縣,秀林鄉
大莊埤,,桃園市,大園區
大莊排水支線,,南投縣,名間
大鳥溪,,臺東縣,大武鄉
大富排水,,宜蘭縣,壯圍鄉
大智排水,,臺中市,東區 大里區
大湖(十四分坪),,臺北市,內湖區
大湖口溪,,嘉義或雲林,
大湖坑,,臺中市,北屯區
大湖底溪,,嘉義縣,中埔鄉
大湖埤排水,,高雄市,路竹區
大湖排水,,新竹縣,北埔鄉
大湖排水,,宜蘭縣,員山鄉
大湖桶坑,,臺中市,太平區
大湖溝,,苗栗縣,造橋鄉
大湖溪,,新竹縣,北埔鄉
大華大全排水,,花蓮縣,光復鄉
大雅排水,,臺中市,大雅區
大塭寮排水,,臺南市,西港區、七股區
大溪,,宜蘭,
大溪,,屏東縣,三地門鄉
大溪,石門溪,宜蘭縣,大同鄉
大溪,石門溪,,
大溪厝分線,,嘉義市,西區
大溪厝排水,,嘉義市,
大溪溪,,新北市,雙溪區
大溪墘溪,,新北市,石門區
大溪墘溪支線,,新北市,石門區
大窠坑溪,,新北市,泰山區
大窠溪,,新北市,泰山區
大義崙大排,,雲林縣,二崙鄉
大腳腿排水,,臺南市,柳營區
大路關排水幹線,,屏東縣,高樹鄉
大鼎埤,,桃園市,大園區
大慈湖,,新北市,金山區
大榮第二排水,,花蓮縣,鳳林鎮
大漢溪上游,,桃園市,龍潭區
大窩圳,,苗栗縣,大湖鄉
大窩溝,,苗栗縣,後龍鎮
大寮排水,,高雄市,大寮區
大寮排水,,臺南市,佳里區、西港區、七股區
大寮溪,,新竹縣,橫山鄉
大潭,,苗栗縣,造橋鄉
大潭埤,,臺南市,關廟區
大潭排水,,雲林縣,斗六市
大潭排水支線,,苗栗縣,造橋鄉
大輪支線,,臺中市,清水區
大學池,,南投縣,鹿谷鄉
大樹排水,,高雄市,大樹區
大遼排水,,高雄市,岡山區、梓官區、燕巢區
大龜崙圳,,新北市,淡水區
大濱溪,,臺東縣,成功鎮
大礁溪池,,宜蘭縣,員山鄉
大豐溪,,花蓮縣,光復鄉
大寶鎮排水,,嘉義市,
大灣小排二,,臺南市,學甲區
大灣中排,,臺南市,學甲區
大灣排水,,臺南市,永康區
大灣溪,,宜蘭縣,"南澳鄉,蘇澳鎮"
子良廟排水,,臺南市,麻豆區、佳里區
小丁子蘭坑,,新北市,貢寮區
小北勢溪,,高雄市,甲仙區
小半山排水,,南投縣,南投市
小半山排水幹線,(吉利),南投縣,南投
小半山排水幹線─1,(鳳山),南投縣,南投
小瓦黑爾溪,,花蓮縣,秀林鄉
小冷坑,,南投縣,國姓鄉
小坑,,苗栗縣,大湖鄉
小坑仔溪,,雲林縣,斗六市
小坑仔溪,,新北市,石門區
小貝湖,,高雄市,鳥松區
小東坑,,新竹縣,關西鎮
小東河,,苗栗縣,南庄鄉
小東勢溪,,苗栗縣,獅潭鄉
小金面第二湧泉圳,,宜蘭縣,頭城鎮
小門溪,,澎湖,
小南灣坑,,新北市,林口區
小埤,,宜蘭縣,冬山鄉
小埤潭,,苗栗縣,大湖鄉
小清水溪,,花蓮縣,秀林鄉
小雪溪,,臺中市,和平區
小飯壢溪,,桃園市,觀音區
小礁溪,,宜蘭,
山上排水,,臺南市,新市區、山上區、善化區
山下圳支線,,苗栗縣,公館鄉
山子大排,,雲林縣,虎尾鎮
山子中排,,雲林縣,虎尾鎮
山子內大排,,雲林縣,四湖鄉、元長鄉
山子門中排三,,嘉義縣,民雄鄉
山子腳中排,,雲林縣,褒忠鄉、土庫鎮
山子腳排水,,臺南市,柳營區
山中區小排一之一,,嘉義縣,新港鄉
山水1號排水路,,澎湖縣,馬公市
山水2號排水路,,澎湖縣,馬公市
山水3號排水路,,澎湖縣,馬公市
山仔頂排水,,高雄市,鳳山區、大寮區
山外溪區排,,金門縣,金湖鎮
山后區排,,金門縣,金沙鎮
山有麻坑,,桃園市,大溪區
山坑排水,,彰化縣,芬園鄉
山車廣溪,,新北市,烏來區
山坪頂乾坑,,南投縣,竹山鎮
山柑溪,,苗栗縣,苑裡鎮
山柑溪,,臺中市,大甲區
山茶鍋坑,,南投縣,草屯鎮
山崎排水,,新竹縣,新豐鄉
山湖排水,,高雄市,鳥松區
山間溪,,,
山陽排水,,臺中市,大肚區
山黃麻湖溪,,嘉義縣,番路鄉
山腳圳,,南投縣,魚池鄉
山腳巷支線,,臺中市,霧峰區
山腳埤,,臺南市,新化區
山腳排水,,臺中市,龍井區
山寮大排,,雲林縣,臺西鄉
山豬堀下坑,,新北市,三芝區
山豬堀頂坑,,新北市,三芝區
山興圳一支線,,花蓮縣,鳳林鎮
山興圳二支線,,花蓮縣,鳳林鎮
山興圳三支線,,花蓮縣,鳳林鎮
山興圳五支線,,花蓮縣,鳳林鎮
山興圳四支線,,花蓮縣,鳳林鎮
山興排水,,花蓮縣,鳳林鎮
山邊溪排水,,苗栗縣,後龍鎮
工寮坑,,苗栗縣,卓蘭鎮
己人湖溪,,臺中市,北屯區
不老溪,,高雄市,六龜區
不知春排水溝,,南投縣,竹山鎮
中三塊中排,,嘉義縣,東石鄉
中心崙坑,,嘉義縣,大埔鄉
中心漁港,,臺南市,將軍區
中央圳七輪支線,,臺中市,大雅區
中央尖溪,,臺中市,和平區
中央排水,,雲林縣,二崙鄉
中央排水,,嘉義市,
中正湖,,高雄市,美濃區
中田寮二圳,,新北市,淡水區
中甲排水,,高雄市,阿蓮區
中庄排水支線,,屏東縣,枋寮鄉
中西1號排水路,,澎湖縣,湖西鄉
中坑,,雲林縣,斗六市
中坑,,南投縣,仁愛鄉
中坑,,臺中市,和平區
中坑,,桃園市,龜山區
中坑圳幹線,,嘉義縣,大林鎮
中坑門排水,,高雄市,林園區
中坑埤,,嘉義縣,大林鎮
中坑排水,,高雄市,田寮區
中坑溝,,臺南市,龍崎區
中坑溪,,臺中市,霧峰區
中坑溪,,新北市,三峽區
中坑溪,,花蓮縣,壽豐鄉水璉村
中里排水,,高雄市,大社區
中和排水一,,嘉義縣,水上鄉
中和街排水,,新北市,樹林區
中林排水,,嘉義縣,大林鎮
中林排水,,屏東縣,內埔鄉
中林溝,,嘉義縣,大林鎮
中林溪,,嘉義縣,大林鎮
中直坑溪,,新北市,五股區
中直坑溪,,,
中社1號排水路,,澎湖縣,望安鄉
中羌仔寮溪,,南投縣,竹山鎮
中芸排水,,高雄市,林園區
中芸漁港,,高雄市,林園區
中城排水,,宜蘭縣,員山鄉
中洋子排水路,,嘉義縣,新港鄉
中洲排水,,嘉義縣,東石鄉、布袋鎮
中洲漁港,,高雄市,旗津區
中埔子圳,,新北市,淡水區
中埤,,桃園市,中壢區
中崙支線,,新竹縣,新豐鄉
中崙排水,,新竹縣,湖口鄉、新豐鄉
中崙溝,,高雄市,田寮區
中崙溪,,新竹縣,新豐鄉
中莊大排水溝,,臺中市,東勢區
中莊溪,,屏東縣,枋寮鄉
中嵙溪,,臺中市,和平區
中嵙溪支線,,臺中市,東勢區
中港,,屏東縣,牡丹鄉
中港溪,,臺北市,北投區
中園排水,,花蓮縣,吉安鄉
中溝,,花蓮縣,富里鄉
中溝支線排水,,苗栗縣,苑裡鎮
中路坑,,南投縣,埔里鎮
中路排水,,高雄市,阿蓮區
中寮溪排水幹線,,南投縣,中寮
中興段排水,,臺中市,大里區
中興排水,,花蓮縣,富里鄉
中興湖,,臺中市,南區
中濱溪,,臺東縣,長濱鄉
中營圳,,屏東縣,車城鄉
丹大西溪,,南投縣,信義鄉
丹大東溪,,南投縣,信義鄉
五十溪,,,
五分二圳,,新竹縣,新埔鎮
五分坪二圳,,新竹縣,新埔鎮
五分港溪,,臺北市,北投區
五爪庵坑,,屏東縣,恆春鎮
五凸分溝,,花蓮縣,富里鄉
五甲尾排水,,高雄市,岡山區
五甲勢排水,,臺南市,新化區
五甲漁港,,臺中市,大安區
五里坑,,彰化縣,大村鄉
五里坑溝,,高雄市,田寮區
五里埔圳,,高雄市,甲仙區
五和排水,,高雄市,仁武區
五房排水幹線,,屏東縣,新園鄉
五股坑排水幹線,,新北市,五股區
五股坑溪,,新北市,五股區
五股坑溪,,新北市五股區,
五股排水,,宜蘭縣,五結鄉、冬山鄉、蘇澳鎮
五軍營排水,,臺南市,柳營區
五重溪,,新北市,烏來區
五崁溪,,臺南市,關廟區
五座屋下三嵌店圳,,新竹縣,芎林鄉
五座屋圳,,新竹縣,芎林鄉
五條港支線,,雲林縣,臺西鄉
五票坑,,南投縣,仁愛鄉
五棚坑,,南投縣,國姓鄉
五湖上圳,,苗栗縣,西湖鄉
五湖中圳,,苗栗縣,西湖鄉
五湖排水,,苗栗縣,西湖鄉
五結排水,,宜蘭縣,五結鄉
五間厝排水,,嘉義縣,義竹鄉
五溝水圳,,屏東縣,萬巒鄉
五溝水圳二線,,屏東縣,萬巒鄉
五溝水圳五線,,屏東縣,萬巒鄉
五溝水圳四線,,屏東縣,萬巒鄉
五溪,,,
五號排水支線,,屏東縣,鹽埔鄉
五福溪,,臺中市,烏日區
五寮河,,新北市,三峽區
五寮河,,桃園市,大溪區
五德1號排水路,,澎湖縣,馬公市
五德2號排水路,,澎湖縣,馬公市
五權溪,,高雄市,那瑪夏區
五鬮支線,,新北市,三峽區
井子腳溝湖溝,,高雄市,大樹區
井仔坑,,彰化縣,員林市
井仔埤,,苗栗縣,通霄鎮
井垵1號排水路,,澎湖縣,馬公市
井垵2號排水路,,澎湖縣,馬公市
井垵3號排水路,,澎湖縣,馬公市
什股排水幹線,,彰化縣,伸港鄉
仁武排水,,高雄市,仁武區
仁美排水,,高雄市,鳥松區
仁愛民族支線,,臺中市,梧棲區
仁愛河,,高雄市,鼓山區
仁義潭水庫,,嘉義縣,番路鄉
仁福排水,,高雄市,仁武區
仁德排水,,臺南市,仁德區、歸仁區
內田排水排水路,,嘉義縣,布袋鎮
內立坑,,新竹縣,新埔鎮
內江排水,,臺南市,大內區
內底林圳,,南投縣,埔里鎮
內東坑溪,,,
內社溪,,屏東縣來義鄉,
內社溪,,屏東縣,來義鄉
內垵1號排水路,,澎湖縣,西嶼鄉
內城圳,,宜蘭縣,員山鄉
內城排水,,宜蘭縣,員山鄉
內洞溪,,新北市,烏來區
內茅埔溪排水幹線,,南投縣,信義
內埔子水庫,虎頭崁埤,嘉義縣,民雄鄉
內埔子圳幹線,,嘉義縣,民雄鄉
內埔坑,,臺南市,大內區
內島溪,,苗栗縣,通霄鎮
內埤漁港,,宜蘭縣,蘇澳鎮
內惟埤,,高雄市,鼓山區
內惟埤九分圳,,高雄市,鼓山區
內惟埤排水溝,,高雄市,鼓山區
內湖大埤,,臺北市,內湖區
內湖大排,,雲林縣,口湖鄉
內湖溪,,屏東縣,高樹鄉
內湖溪,,苗栗縣,通霄鎮
內湖溪排水,,苗栗縣,通霄鎮
內暗坑,,南投縣,竹山鎮
內溝溪,,新北市,汐止區
"內溝溪排水
(左岸)",,新北市,汐止區
內溝溪排水（右岸）,,臺北市,
內溪洲排水路,,嘉義縣,水上鄉
內寮河排水,,高雄市,杉林區
內寮溪,,高雄市,杉林區
內寮溪,,屏東縣,枋寮鄉
內寮溪,,新北市,貢寮區
內潭埤,,臺南市,關廟區
內險坑,,臺中市,太平區
內轆排水支線,,南投縣,南投
內轆排水支線─1,,南投縣,南投
內灣圳,,苗栗縣,三灣鄉
內灣圳排水,,苗栗縣,卓蘭鎮
內灣坑,,臺南市,南化區
內灣幹線,,新竹縣,橫山鄉
公司田溪,,新北市,淡水區
公田埤,,桃園市,觀音區
公林溪,,南投縣,魚池鄉
公埔排水幹線,,南投縣,南投
公埤,,桃園市,觀音區
公館支線,,苗栗縣,竹南鎮
公館仔排水,,苗栗縣,竹南鎮、頭份鎮
公館排水,,嘉義縣,中埔鄉
公館排水,,苗栗縣,公館鄉
六分寮中排一,,臺南市,善化區
六分寮中排二,,臺南市,善化區
六斗坑,,雲林縣,古坑鄉
六斗坑,六斗坑溪,雲林縣,古坑鄉
六古溪,,桃園市,楊梅區
六甲坑,,臺南市,六甲區
六甲溪,,臺南市,仁德區
六成中排一,,臺南市,七股區
六成排水,,臺南市,七股區
六汴溝排水支線,,南投縣,草屯
六秀坑,,高雄市,杉林區
六股埤,,桃園市,新屋區
六股排水幹線,,彰化縣,伸港鄉和美鎮
六股溪,,新竹縣,新豐鄉
六股溪,,桃園市,楊梅區
六股溪排水,,"桃園縣,新竹縣",
六界溪,,高雄市,六龜區
六塊中排,,雲林縣,褒忠鄉
六塊厝排水支線,,屏東縣,屏東市
六塊厝漁港,,新北市,淡水區
六塊寮排水,,臺南市,安定區、安南區
六腳排水路,,嘉義縣,東石鄉、六腳鄉、新港鄉
六號排水支線,,屏東縣,鹽埔鄉
六雙溪,,臺南市,官田區
友蚋溪,,基隆市,
双叉坑溪,,,
天河水庫,,臺東縣,蘭嶼鄉
天長溪,,花蓮,
天長溪,,花蓮縣,秀林鄉
天然釣魚池,,南投縣,魚池鄉
太子宮中排,,臺南市,新營區
太子廟中排,,臺南市,歸仁區、仁德區、永康區
太平一圳,,臺中市,太平區
太平二圳,,臺中市,太平區
太平坑,,臺東縣,卑南鄉
太平溪,,臺東縣,卑南鄉
太平窩坑幹線,,新竹縣,新埔鎮
太石盤溪,,屏東縣,枋山鄉
太康排水,,臺南市,柳營區
太陽埤,,宜蘭縣,員山鄉
夫布爾溪,,宜蘭縣,
少年溪,布唐布那斯溪,高雄市,
巴巴那班溪,,屏東縣,霧臺鄉
巴拉吾溪,,臺中市,和平區
巴拉歐溪,,臺東縣,金峰鄉
巴油溪,,屏東縣,霧臺鄉
巴朗溪,,花蓮縣,光復鄉
扎孔溪,,新北市,烏來區
文山溪,,臺中市,南屯區
文壯溪,,宜蘭縣,頭城鎮
文秀坑,,,
文秀坑溪,,新北市,貢寮區
文武排水,,高雄市,仁武區
文賢溪,,高雄市,湖內區
斗六東溪,,雲林縣,林內鄉
斗里斗里溪,,臺東縣,金峰鄉
斗門埤,,桃園市,中壢區
斗門溪,,金門縣,金沙鎮
斗崙支線,,新竹縣,竹北市
斗涵坑,,苗栗縣,公館鄉
斗羅溪,,屏東縣,來義鄉
日月潭,,南投縣,魚池鄉
日本坑,,苗栗縣,獅潭鄉
日石埤,,桃園市,大溪區
日新溪排水,,臺南市,南區
月世界排水,,高雄市,田寮區
月眉二圳,,新北市,金山區
月眉圳,,桃園市,大溪區
月眉排水,,宜蘭縣,羅東鎮、冬山鄉
月眉排水支線,,臺中市,后里區
月眉排水支線,,彰化縣,和美鎮
月眉排水幹線,,新北市,金山區
月桂溪,,宜蘭縣,大同鄉
月桃溪,,桃園市,大園區
木瓜溪,,臺東縣,卑南鄉
木柵中排,,臺南市,東山區
木屐溪,,嘉義縣,竹崎鄉
木屐蘭溪排水支線,,南投縣,魚池
木勝溪,,高雄市,茂林區
比林溪,,苗栗縣,南庄鄉
毛樹溪,"大溪,生毛樹溪,舊生毛樹溪",嘉義縣,梅山鄉
水井湖坑,,南投縣,魚池鄉
水母丁溪,,臺東縣,長濱鄉
水母北溪,,臺東縣,長濱鄉
水母北溪,,花蓮縣,豐濱鄉
水坑,,臺中市,東勢區
水坑,,彰化縣,花壇鄉
水坑,,新竹縣,關西鎮
水坑溪,,臺南市,龍崎區
水尾大排,,苗栗縣,後龍鎮
水尾仔圳,,苗栗縣,後龍鎮
水尾圳,,苗栗縣,大湖鄉
水尾坪圳,,苗栗縣,大湖鄉
水尾排水幹線,,南投縣,南投
水尾溝,,新竹縣,寶山鄉
水尾溝（寶1-1排水）,,新竹縣,寶山鄉
水尾溪排水,,苗栗縣,三義鄉
水尾溪排水幹線,,南投縣,魚池鄉
水尾溪排水幹線─1,,南投縣,魚池
水尾溪排水幹線─2,,南投縣,魚池
水尾溪排水幹線─3,,南投縣,魚池
水尾溪排水幹線─4,,南投縣,魚池
水尾溪排水幹線─5,,南投縣,魚池
水汴頭上圳,,新北市,淡水區
水底寮圳,,屏東縣,枋寮鄉
水底寮圳幹線,,屏東縣,枋寮鄉
水底寮坑,,嘉義縣,大埔鄉
水底寮溪,,嘉義縣,竹崎鄉
水泄排水幹線,,南投縣,草屯
水社水尾溪,,南投縣,水里鄉
水長流排水幹線─2,,南投縣,國姓
水長流排水幹線─3,,南投縣,國姓
水長流排水幹線─4,,南投縣,國姓
水長流排水幹線─5,,南投縣,國姓
水長流溪,,臺中市,新社區
水垵3號排水路,,澎湖縣,望安鄉
水流東坑,,臺南市,六甲區
水流東坑第二支線,,臺南市,六甲區
水流東排水,,新竹縣,峨眉鄉
水流東排水幹線,,南投縣,埔里
水流東溪,,南投縣,國姓鄉
水流東溪,,臺南市,左鎮區
水流東溪支流,,南投縣,埔里鎮
水流娘圳,,苗栗縣,苗栗市
水美湖底溝排水,,臺中市,外埔區
水崛頭坑,,臺中市,西屯區
水笨流溪,,嘉義縣,番路鄉
水湳洞船澳,,新北市,瑞芳區
水碓子圳,,新北市,淡水區
水碓窠溪,,新北市,泰山區
水碓窠溪,,桃園市,龜山區
水粯頭圳,,新北市,淡水區
水道坑,,南投縣,水里鄉
水雉埤,,嘉義縣,大林鎮
水寮分線一,,高雄市,大樹區、鳥松區
水寮分線二,,高雄市,大樹區、鳥松區
水璉溪,,花蓮縣,壽豐鄉
水確窠溪,,新北市,五股區
水磨坑溪,,臺北市,北投區
水頭屋圳,,苗栗縣,西湖鄉
水頭寮圳,,苗栗縣,大湖鄉
火培溪,,南投縣,魚池鄉
火燒牛稠大排,,雲林縣,臺西鄉、東勢鄉
火燒寮坑,,嘉義縣,大埔鄉
火燒寮溪,,新北市,平溪區
牛山溪,,嘉義縣,番路鄉
牛坔排水,,臺南市,六甲區
牛尿港大排,,雲林縣,口湖鄉
牛角坑,牛角坑溪,高雄市,美濃區
牛角坑溝,,臺中市,大里區
牛角坑溪,,南投縣,中寮鄉
牛角南埤,,桃園市,大溪區
牛角灣溪,涼山溪,屏東縣,"萬巒鄉,內埔鄉,瑪家鄉"
牛車窩壢支線,,新竹縣,新埔鎮
牛坪坑,,臺中市,和平區
牛挑灣大排,,雲林縣,水林鄉
牛挑灣溪,,雲林縣,"水林鄉,四湖鄉,口湖鄉"
牛相觸一號坑,,南投縣,埔里鎮
牛相觸二號坑,,南投縣,埔里鎮
牛相觸圳,,南投縣,埔里鎮
牛食坑支線,,高雄市,大社區
牛食坑溪,,,
牛埔子溪,,雲林縣,斗六市
牛埔庄圳支線,,臺中市,大雅區
牛埔溪,,高雄市,內門區
牛埔溪,,臺南市,龍崎區
牛埔溪排水幹線,,屏東縣,新埤鄉、南州鄉、林邊鄉、東港鎮
牛眠排水分線─1,,南投縣,埔里
牛鬥坑溪,,,
牛稠坑排水溝,,雲林縣,林內鄉
牛稠坑溝,牛稠坑溝排水,臺中市,后里區
牛稠坑溝排水,,臺中市,后里區
牛稠坑溪,,臺南市,白河區
牛稠坑溪,,南投縣,信義鄉
牛稠埔坑,,嘉義縣,水上鄉
牛稠埔坑,,臺南市,白河區
牛稠埤,,彰化縣,芬園鄉
牛稠港,,基隆市,中山區
牛稠溪,,嘉義市,西區
牛稠溪,,屏東縣,萬丹鄉
牛稠溪,,臺南市,玉井區
牛稠溪排水幹線,,屏東縣,屏東市、長治鄉
牛路溝排水幹線,,南投縣,南投
牛路溝排水幹線,,彰化縣,鹿港鎮
牛路溝排水幹線─1,,南投縣,南投
牛運堀排水,,南投縣,南投市
牛運堀排水支線,,南投縣,南投
牛寮埔溪,,新北市,八里區
牛寮溝,,高雄市,內門區
牛寮溪,,宜蘭縣,頭城鎮
牛寮溪,,高雄市,田寮區
牛轀轆圳,,南投縣,水里鄉
牛欄坑,,臺南市,南化區
牛欄坑溪,,臺中市,和平區
牛欄河,,新竹縣,關西鎮
牛欄河,,桃園市,龍潭區
牛欄河排水,,新竹縣,關西鎮
王功漁港,,彰化縣,芳苑鄉
王田支線,,臺中市,大肚區
王田石坑排水,,臺中市,大肚區
王軍寮排水幹線,,新北市,深坑區
王爺坑,,新竹縣,竹東鎮
王爺坑幹線,,新竹縣,芎林鄉
王爺宮大排,,苗栗縣,後龍鎮
王榜圳,,南投縣,魚池鄉
他里溫排水支線,,南投縣,竹山
他里霧埤,,雲林縣,斗南鎮
仙人圳幹線,,高雄市,六龜區
仙人圳幹線下崁支線,,高雄市,六龜區
仙人圳幹線新寮支線,,高雄市,六龜區
仙水坑,,臺中市,東勢區
仙洞指坑,,南投縣,國姓鄉
仙洞指坑溪,,,
冬山河,,,
冬山河北側排水,,宜蘭縣,冬山鄉
冬山河舊道,,,
冬螺排水,,宜蘭縣,羅東鎮、冬山鄉
凸鼻溪,,臺東縣,長濱鄉
出水坑,,新北市,林口區
出水坑,,彰化縣,員林市
出水溪,,南投縣,信義鄉
出水溪,,嘉義縣,梅山鄉
加九寮溪,,新北市,烏來區
加冬坑,,苗栗縣,銅鑼鄉
加正坑圳,,南投縣,竹山鎮
加走埤,,嘉義縣,太保市
加走寮溪,,,
加里坑溪,,南投縣鹿谷鄉,
加拉板溪,,臺東縣,達仁鄉
加津林溪,,臺東縣,大武鄉
加拿水溪,,臺東縣,延平鄉
加拿典溪,,臺東縣,海端鄉
加拿溪,,臺東,
加納富溪,,宜蘭縣大同鄉,
加都魯溪,,屏東縣滿州鄉,
加塱溪,,花蓮縣,豐濱鄉
加龍溪,,屏東縣,獅子鄉
加龍溪,,,
加蘭溪,,宜蘭,
包安溪,,臺中市,和平區
包安溪,北山坑,南投縣國姓鄉,
包尾排水幹線,,南投縣,南投
北大排水,,花蓮縣,光復鄉
北山坑圳,,南投縣,國姓鄉
北山坑溪,木履欄溪,南投縣,國姓鄉
北山坑溪,,,
北中林排水,,嘉義縣,大林鎮
北元長中排,,雲林縣,元長鄉
北太麻里溪,,臺東縣,太麻里鄉
北太麻里溪,,,
北屯圳,,臺中市,北屯區、北區
北斗溪,,彰化縣,北斗鎮
北水林小排五,,雲林縣,水林鄉
北片坑,,,
北打鐵坑,,新竹縣,新埔鎮
北圳,,南投縣,國姓鄉
北圳南線分圳,,南投縣,國姓鄉
北坑,,臺中市,豐原區
北坑,,南投縣,仁愛鄉
北坑,,新竹市,東區
北坑,,新北市,林口區
北坑,水璉北溪,花蓮縣,壽豐鄉
北坑,水璉北溪,,
北坑圳,,嘉義縣,番路鄉
北坑溝,,苗栗縣,頭份市
北坑溝,,花蓮,
北坑溪,,臺中市,霧峰區
北坑溪,,新竹市,
北坑溪排水,,南投縣,國姓
北势溪,,,
北岡坑溪,,花蓮縣瑞穗鄉鶴岡村,
北岸河,,屏東縣,崁頂鄉
北底溪,,臺東縣,東河鄉
北底溪,,,
北門口二圳,,新竹縣,關西鎮
北門坑,,宜蘭縣,頭城鎮
北門漁港,,臺南市,北門區
北屋排水,,高雄市,仁武區
北埔一號排水,,花蓮縣,新城鄉
北埔二號排水,,花蓮縣,新城鄉
北埔五號排水,,花蓮縣,新城鄉
北埔四號排水,,花蓮縣,新城鄉
北峰溪,,新北市,汐止區
北峰溪,,,
北馬排水,,臺南市,東山區
北排水,,嘉義市,
北頂中排,,臺南市,下營區
北麻豆口中排,,臺南市,麻豆區、佳里區
北富八仙排水,,宜蘭縣,冬山鄉
北港溪,,南投縣仁愛鄉,
北港溪,,嘉義縣,東石鄉
北港溪,,,
北港溪排水幹線─1,,南投縣,國姓
北港溪排水幹線─2,,南投縣,國姓
北港溪排水幹線─3,,南投縣,國姓
北港溪排水幹線─4,,南投縣,國姓
北港溪排水幹線─5,,南投縣,國姓
北絲鬮溪,,臺東縣,延平鄉
北絲鬮溪,,高雄市,茂林區
北勢坑,,宜蘭縣,頭城鎮
北勢坑,,臺南市,六甲區
北勢坑,,雲林縣,斗六市
北勢坑,,南投縣,草屯鎮
北勢坑,,新北市,貢寮區
北勢坑,,彰化縣,彰化市
北勢坑溪,,高雄市,甲仙區
北勢坑溪,,新北市,五股區
北勢埤,,臺南市,新化區
北勢埤排水幹線,,屏東縣,竹田鄉
北勢排水,,新竹縣,湖口鄉、新豐鄉
北勢湳水泄支線,,南投縣,草屯
北勢溪,,臺中市,沙鹿區
北勢溪,,南投縣,竹山鎮
北勢溪,新港溪,,
北勢溪,,新竹縣,湖口鄉
北勢溪,,桃園市,楊梅區
北勢溪,,,
北勢溪(新港溪),,苗栗縣,後龍鎮
北勢溪排水,,苗栗縣,造橋鄉
北勢窩溪,,苗栗縣,通霄鎮
北勢寮排水幹線,,屏東縣,枋寮鄉
北勢寮溪,,,
北幹線支線,,苗栗縣,公館鄉
北溝支線,,臺中市,霧峰區
北溝排水,,高雄市,永安區
北溝溪,,,
北溝溪排水,,臺中市,霧峰區
北溪,,臺東縣,池上鄉
北窩排水,,新竹縣,湖口鄉
北寮坑溪,,南投縣,埔里鎮
北寮坑溪,,,
北寮溪,,臺南市,東山區、白河區
北學甲排水,,臺南市,學甲區
北嶺墘排水,,高雄市,路竹區
北麒麟溪,,,
半山坑排水,,南投縣,南投市
半山坑排水幹線(崩溝),,南投縣,南投
半屏溪,,臺東縣,成功鎮
半嶺溪,,嘉義縣,番路鄉
卡丹溪,,屏東縣,"新埤鄉,來義鄉"
卡布里娃欄溪,,屏東縣,春日鄉
卡拉溪,,桃園市,復興區
卡社北溪,,,
卡社溪,,,
卡南溪,,宜蘭縣,南澳鄉
卯舍中排,,臺南市,新營區
古井坑,,彰化縣,花壇鄉
古老埤,,雲林縣,古坑鄉
古拉溪,庫拉濃溪,臺東縣,金峰鄉
古風排水,,花蓮縣,卓溪鄉
古風溪,,花蓮縣富里鄉,
古區區排(浚仔溝區排),,金門縣,金城鎮
古崗湖區排,,金門縣,金城鎮
古楓溪,,花蓮縣,卓溪鄉
叭嗹溪,,新北市,汐止區
叭嗹溪,,,
可可亞溪,,,
臺牛坑,,南投縣,埔里鎮
臺牛溪,,屏東縣,恆春鎮
臺板溪,,臺東縣,達仁鄉
臺南運河,,臺南市,安平區
史港坑排水幹線,,南投縣,埔里
史港坑排水幹線─1,,南投縣,埔里
史港溪,,南投縣,埔里鎮
司馬按溪,,南投縣,魚池鄉
四十棟排水,,雲林縣,麥寮鄉
四分溪,,新北市,汐止區
四分溪,,,
四好溪排水幹線,,臺中市,大甲區
四好橋溝,,臺中市,大甲區
四坑,,宜蘭縣,三星鄉
四角林溪,,臺中市,東勢區
四季坑排水,,苗栗縣,銅鑼鄉
四季溪,,宜蘭縣,大同鄉
四重溪,,宜蘭,
四重歷溪,,新竹縣,竹東鎮
四草內海,,臺南市,安南區
四區溪,,南投縣,信義鄉
四堵溪,,新北市,坪林區
四湖大排,,雲林縣,口湖鄉、四湖鄉
四湖支線,,"桃園縣,新竹縣",
四湖坑,,臺南市,六甲區
四湖溪,,新竹縣,湖口鄉
四湖溪,,桃園市,楊梅區
四結排水,,宜蘭縣,五結鄉
四塊厝圳支線,,"臺中縣,臺中市",
四溝水圳,,屏東縣,萬巒鄉
四溝水圳一線,,屏東縣,萬巒鄉
四溝水圳二線,,屏東縣,萬巒鄉
四溝排水支線,,屏東縣,恆春鎮
四號溪,,南投縣,信義鄉
四窩溪排水,,苗栗縣,通霄鎮
四寮坪圳,,苗栗縣,大湖鄉
四線橋圳,,新北市,三芝區
圣子坑,,雲林縣,古坑鄉
圣田溝,,高雄市,田寮區
圣坑,,臺南市,官田區
圣埤,,桃園市,蘆竹區
外六寮排水,,"高雄縣,屏東縣",
外股排水支線,,新北市,深坑區
外垵1號排水路,,澎湖縣,西嶼鄉
外垵2號排,,澎湖縣,西嶼鄉
外垵3號排水路,,澎湖縣,西嶼鄉
外垵4號排水路,,澎湖縣,西嶼鄉
外埔大排,,雲林縣,口湖鄉
外埔大排,,苗栗縣,後龍鎮
外埔排水,,高雄市,大社區
外埔第二排水,,臺中市,外埔區
外埔第三排水,,臺中市,外埔區
外湖溪,,雲林縣,斗六市
外塭子中排二,,臺南市,安南區
外溪洲排水路,,嘉義縣,水上鄉
外轆排水幹線,,南投縣,南投
外雙溪,,,
尼埤圳排水幹線,,屏東縣,內埔鄉
布布爾溪,,南投縣,仁愛鄉
布由巒溪,,屏東縣,牡丹鄉
布拉布拉溪,,臺東縣,太麻里鄉
布唐布瓦那斯東溪,,,
布唐布那斯溪,,,
布唐薩諾阿爾溪,,,
布蕭丸溪,,,
布蕭丸溪,,宜蘭縣,大同鄉
平山坑排水,,南投縣,南投市
平山坑排水幹線,,南投縣,南投
平行水路排水,,宜蘭縣,五結鄉
平坑,,臺南市,南化區
平坑,,高雄市,甲仙區
平和1號排水路,,澎湖縣,七美鄉
平和大排,,南投縣,南投市
平和農場排水,,花蓮縣,壽豐鄉
平林第三排水,,花蓮縣,鳳林鎮
平林溪,,新北市,雙溪區
平頂溪,,雲林縣,林內鄉
平廣溪,,新北市,新店區
平廣溪,,,
幼坑,,南投縣,中寮鄉
必坦溪,,臺中市,和平區
打比厝溪,,苗栗縣,泰安鄉
打比厝溪,,,
打那岸排水,,宜蘭縣,冬山鄉、五結鄉、羅東鎮
打狗溪,,宜蘭,
打架埤,,桃園市,大園區
打鹿坑,,苗栗縣,公館鄉
打落馬溪,,花蓮縣,瑞穗鄉
打落馬溪,,,
打廓溪,,高雄市,內門區
打鐡坑溪,,,
打鐵坑,,臺中市,"東勢區,和平區"
打鐵坑,,苗栗縣,卓蘭鎮
打鐵坑支線排水,,苗栗縣,卓蘭鎮
打鐵坑溪,,高雄市,六龜區
打鐵坑溪,,苗栗縣,西湖鄉
打鐵坑溪,,桃園市,龍潭區
打鐵溪幹線,,桃園市,龍潭區
末尾坑,,宜蘭縣,頭城鎮
本淵寮排水,,臺南市,安南區
本部溪,,,
本館埤,,高雄市,三民區
本館排水,,高雄市,鳥松區
本館排水溝,,高雄市,三民區
民生排水,,宜蘭縣,礁溪鄉
民和水圳,,南投縣,信義鄉
民和街排水,,新北市,樹林區
民治溪,,屏東縣,"竹田鄉,潮州鎮,崁頂鄉"
民治溪排水幹線,,屏東縣,潮州鎮
民雄工業區排水,,嘉義市,
民雄排水路,,嘉義縣,新港鄉、民雄鄉
永安工業區區內及區外排水,,高雄市,永安區
永安支線排水,,高雄市,永安區
永安漁港,,桃園市,新屋區
永和山水庫,,苗栗縣,三灣鄉
永定厝中排,,雲林縣,二崙鄉
永康排水,,臺南市,永康區
永隆溝排水,,臺南市,北門區
永新支線排水,,高雄市,永安區
永福溪幹線,,桃園市,大溪區
永樂排水,,臺東縣,臺東市
永豐圳,,新北市,新店區
汀埔圳,,新竹市,北區
玄武湖,,桃園市,中壢區
玉山中排二,,臺南市,將軍區
玉水溪,,臺東縣,成功鎮
玉桂坑,,南投縣,國姓鄉
玉崙溪,地利溪,南投縣,水里鄉
玉崙溪,地利溪,,
玉穗溪,,,
瓜寮坑溪,,,
瓦崗溪,,臺東縣,延平鄉
瓦硐2號排水路,,澎湖縣,白沙鄉
瓦黑爾溪,,花蓮縣,秀林鄉
瓦嘟嘟那溪,,嘉義縣,
瓦瑤埤排水,,臺南市,六甲區、官田區
瓦瑤溪,水尾溪,臺中市,大安區
瓦瑤溪,水尾溪,,
瓦寮排水,,臺南市,學甲區
瓦磘溝,"瓦嗂溝,瓦窯溝,瓦瑤溝",新北市,"永和區,中和區"
瓦磘溪,,,
瓦窯埤,,臺南市,六甲區
瓦窯埤,,桃園市,蘆竹區
瓦窯溝排水幹線,,桃園市,大園區
瓦窯溪,,桃園市,蘆竹區
瓦魯斯溪,,屏東縣,來義鄉
瓦魯斯溪,,,
甘井坑,,彰化縣,員林市
甘厝大排,,雲林縣,莿桐鄉、西螺鎮、二崙鄉
甘蔗埤,,桃園市,大園區
生毛樹索溪,,嘉義縣,梅山鄉
生明圳,,臺中市,東勢區
田子林大排二,,雲林縣,大埤鄉
田子墘溝,,高雄市,內門區
田中分線,,臺中市,龍井區
田中央排水幹線,,屏東縣,車城鄉
田心子溪,,桃園市,大園區
田仔坑,,彰化縣,彰化市
田古爾溪,天狗溪,宜蘭縣大同鄉,
田尾大排,,雲林縣,二崙鄉
田尾坑,,南投縣,草屯鎮
田尾排水幹線,,彰化縣,線西鄉和美鎮
田厝排水,,高雄市,岡山區
田新二圳,,新竹縣,新埔鎮
田寮坑幹線,,新竹縣,橫山鄉
田寮河,,基隆市,中正區
田寮河,,新北市,瑞芳區
田寮埤,,桃園市,大園區
田寮排水,,苗栗縣,苗栗市
田寮排水,,臺南市,新營區、鹽水區、學甲區
田寮溪,,高雄市,田寮區
田螺溪,,南投縣,魚池鄉
由旦溪,,臺東縣,東河鄉
甲九圳,,桃園市,大溪區
甲九圳,,新北市,鶯歌區
白不仔溪,,南投縣,信義鄉
白不仔溪,,,
白毛臺溪,,,
白水溪,,嘉義縣,大埔鄉
白石溪,,新竹縣,尖石鄉
白石溪,,,
白米河,,宜蘭縣,蘇澳鎮
白米溪,,,
白冷圳,,臺中市,新社區
白坑1號排水路,,澎湖縣,湖西鄉
白沙屯漁港,,苗栗縣,通霄鎮
白沙彌溪,,,
白河水庫,,臺南市,白河區
白葉坑圳,,南投縣,埔里鎮
白葉坑排水幹線,,南投縣,埔里
白墓坑,,臺南市,官田區
白樹腳溪,,嘉義,
白鮑溪,,花蓮縣,秀林鄉
白鮑溪,,,
白龍溪,,金門縣,
白嶺溪,,宜蘭縣,大同鄉
白蘭溪,,新竹縣,五峰鄉
皮寮溪幹線,,桃園市,桃園區、八德區
石子坑溪,石仔坑溪,雲林縣斗六市重光里,
石子溪,,新竹縣,峨眉鄉
石子瀨排水,,臺南市,大內區
石山溝,,高雄市,內門區
石井溪,,新竹縣,峨眉鄉
石公溪,,,
石牛溝,,高雄市,田寮區
石牛溪,,雲林,
石牛溪,,屏東縣恆春鎮,
石牛溪,,屏東縣,恆春鎮
石平溪,,花蓮縣卓溪鄉,
石平溪,,花蓮縣,卓溪鄉
石灰水坑,,臺中市,太平區
石灰坑,,南投縣,仁愛鄉
石灰坑溪,,奧萬大,
石坑,,苗栗縣,銅鑼鄉
石坑子,,苗栗縣,公館鄉
石坑溪,,臺東縣,長濱鄉
石秀灣,,桃園市,復興區
石角溪,,臺中市,東勢區
石角溪,,臺北市,
石角溪支線,,臺中市,東勢區
石門圳,,新竹縣,關西鎮
石門坑溪,,新北市,石門區
石門溪,,宜蘭縣,大同鄉
石門溪,,臺東縣,長濱鄉
石泉1號排水路,,澎湖縣,馬公市
石厝坑溪,,基隆,
石厝埤,,桃園市,觀音區
石厝溝,,花蓮縣,富里鄉
石挾坑,,臺南市,六甲區
石曹溪,,臺南市,左鎮區
石曹溪,,新北市,坪林區
石梯港溪,,花蓮縣,豐濱鄉
石笱排水支線,,彰化縣,鹿港鎮、秀水鄉、花壇鄉、大村鄉、員林鎮、社頭鄉
石傘澳,,臺東縣,成功鎮
石圍牆圳,,臺中市,東勢區
石牌坑,,彰化縣,彰化市
石硦溪,,嘉義縣,
石雅溪,,臺南市,白河區
石楠溪,,屏東縣,枋寮鄉
石硿子溪,,新北市,石碇區
石碇溪,,新北市,石碇區
石腳桶溪,,臺南市,南化區
石鼓盤溪,,嘉義縣阿里山鄉,
石鼓盤溪,,嘉義縣,阿里山鄉
石鼓盤溪,,雲林縣,古坑鄉
石寧埔溪,,臺東縣,長濱鄉
石榴班溪,,雲林,
石廟子大排,,雲林縣,土庫鎮、虎尾鎮
石盤溪,,南投縣,鹿谷鄉
石盤溪,,,
石磊溪,,新竹縣,尖石鄉
石壁坑,,臺北市,文山區
石壁坑圳,,臺中市,東勢區
石壁坑圳排水,,臺中市,東勢區
石壁溪,,宜蘭縣,頭城鎮
石壁寮溝排水,,新北市,土城區
石壁潭新圳,,新竹縣,芎林鄉
石頭公二坑,,彰化縣,社頭鄉
石頭公三坑,,彰化縣,社頭鄉
石頭公四坑,,彰化縣,社頭鄉
石頭坑,,新竹縣,新埔鎮
石頭坑,,臺中市,潭子區
石頭坑幹線,,新竹縣,新埔鎮
石頭溪,,宜蘭,
石頭溪,,苗栗縣,苑裡鎮
石頭溪,,宜蘭縣,大同鄉
石龜中排二,,雲林縣,斗南鎮
石龜溪,,嘉義或雲林(界河),
石燭坑溪,,宜蘭縣,頭城鎮
石螺潭排水,,高雄市,梓官區、岡山區
石觀音坑,,苗栗縣,公館鄉
立霧溪,塔次基里溪,花蓮縣,秀林鄉
立霧溪,塔次基里溪,,
立霧溪,達梓里溪,花蓮縣,秀林鄉
立霧溪,達梓里溪,,
立霧溪,達基利溪,花蓮縣,秀林鄉
立霧溪,達基利溪,,
立霧溪,,,
龙头溪,,,
仲岳溪,,宜蘭縣,南澳鄉
伊霍霍爾溪,,花蓮縣,卓溪鄉
休督溪,,,
光前溪,,金門縣,金沙鎮
光復圳角池支線,,南投縣,魚池鄉
光復溪,,,
光華坑,,桃園市,龜山區
光華坑溪,,桃園市龜山區,
光隆村興隆村共同排水,,臺中市,太平區
光順排水支線,,屏東縣,恆春鎮
全興排水支線,,彰化縣,伸港鄉
共和排水幹線,,南投縣,集集
共和排水幹線─1,,南投縣,集集
危頭坑,,,
合坑溪,,南投縣,魚池鄉
合流溪,,宜蘭縣,南澳鄉
合界1號排水路,,澎湖縣,西嶼鄉
合歡溪,,臺中市,和平區
合歡溪,,南投縣,仁愛鄉
吉田溪,,高雄市,茂林區
吉安溪,七腳川溪,花蓮縣,吉安鄉
吉安溪,七腳川溪,,
吉安溪,,,
吉貝耍排水,,臺南市,東山區
吉洋排水,,"高雄縣,屏東縣",
吉洋溪,,屏東縣,里港鄉
吉洋溪,,高雄市,美濃區
吊狗坑,,臺南市,六甲區
吊倫溪,,,
吊崙坑,,南投縣,竹山鎮
吊湖溝排水幹線,吊學溝,南投縣,草屯
吊湖溝排水幹線─1,,南投縣,草屯
吊橋坑,,嘉義縣,大埔鄉
吊雞林排水,,高雄市,燕巢區
同安厝排水,,"臺中縣,臺中市",
同源圳排水支線,蜊仔溝,南投縣,南投
后井區排,,金門縣,烈嶼鄉
后沙區排,,金門縣,金寧鄉
后里排水,,臺中市,大甲區、外埔區
后垵溪區排,,金門縣,金城鎮金寧鄉
后湖區排,,金門縣,金寧鄉
后溪底支線,,臺中市,霧峰區
后溪底排水,,臺中市,霧峰區
后寮溪排水幹線,,南投縣,中寮
后盤區排,,金門縣,金寧鄉
后頭區排,,金門縣,烈嶼鄉
后豐港區排,,金門縣,金城鎮
后壟區排,,金門縣,金湖鎮
向天池,,桃園市,八德區
在來溪谷,,嘉義縣,水上鄉
地那巴蘭溪,,臺東縣,金峰鄉
圳子頭坑溪,,新北市,鶯歌區
圳寮坑,,臺中市,東勢區
圳頭中排三,,雲林縣,四湖鄉
圳頭坑,,臺南市,南化區
圳頭坑溪,,雲林縣,古坑鄉
圳頭坑溪,,宜蘭縣,蘇澳鎮
圳頭坑溪,,雲林縣新庄村,
圳頭溪,,苗栗縣,通霄鎮
圳頭溪排水,,苗栗縣,通霄鎮
多利溪,,臺東縣,金峰鄉
多望溪,土場溪,宜蘭縣大同鄉,
多望溪,土場溪,,
好收圳幹線,,嘉義縣,民雄鄉
好收排水路,,嘉義縣,民雄鄉
好茶溪,,屏東縣,三地門鄉
好蘭溪,,南投縣,信義鄉
宅後溝,,嘉義縣,中埔鄉
宇內溪,,桃園市,復興區
宇內溪,,,
安平坑,,宜蘭縣,冬山鄉
安平坑排水,,宜蘭縣,冬山鄉
安平坑溪,,,
安平港,,臺南市,安平區
安平新港,,臺南市,安平區
安生魚池,,花蓮縣,瑞穗鄉
安宅1號排水路,,澎湖縣,馬公市
安坑溪,,,
安良港,(迴轉池),臺中市,梧棲區
安良港排水,,臺中市,梧棲區
安來溪,,花蓮縣,萬榮鄉
安來溪,,,
安坡溪,,屏東縣,高樹鄉
安坡溪,,,
安坡溪排水支線,,屏東縣,高樹鄉
安夜西溪,,花蓮縣,瑞穗鄉
安夜西溪,,,
安定排水,,臺南市,善化區、安定區
安東一排分線,,彰化縣,鹿港鎮秀水鄉
安東二排支線,,彰化縣,秀水鄉
安朔溪,,,
安朔溪支流,,臺東縣,達仁鄉
安通溪,,,
安富水庫,,花蓮縣,光復鄉
安順寮排水,,臺南市,安定區、善化區
安順寮排水,,"臺南縣,臺南市",
安農溪,,,
安農溪,,宜蘭,
安農溪支流,,宜蘭縣,冬山鄉
安達溪,,,
安慶圳大排,,雲林縣,虎尾鎮、土庫鎮
尖刀尾溪,,屏東縣,來義鄉
尖子鹿溪,,新北市,石門區
尖山3號排水路,,澎湖縣,湖西鄉
尖山下圳,,苗栗縣,頭份市
尖山大排,,雲林縣,口湖鄉、水林鄉
尖山支線,,新北市,鶯歌區
尖山坑溪,,雲林縣,古坑鄉
尖山坑溪,,南投縣,竹山鎮
尖山埤水庫,,臺南市,柳營區
尖山湖小坑溪,,新北市,石門區
尖山溪,,嘉義縣,中埔鄉
尖山腳溪,,,
尖仔坑溪,,臺南市,白河區
庄子內溝排水幹線,,新北市,淡水區
庄界支線,,臺中市,清水區
成功2號排水路,,澎湖縣,湖西鄉
成功湖,,新竹市,東區
成功澳,,臺東縣,成功鎮
成功嶺排水,,臺中市,大肚區
成渠一圳,,新北市,三芝區
成德圳一線,,屏東縣,萬巒鄉
成德圳二線,,屏東縣,萬巒鄉
成德圳五線,,屏東縣,萬巒鄉
成德圳六線,,屏東縣,萬巒鄉
成德排水幹線,,屏東縣,萬巒鄉
托竹路坑,,屏東縣,恆春鎮
托亞奇伊溪,,高雄市,那瑪夏區
托博闊溪,,花蓮縣,秀林鄉
早知排水,,嘉義縣,大林鎮
旭海溪,,屏東縣,牡丹鄉
旭海溪,,,
有才寮大排,,雲林縣,臺西、東勢、褒 忠、土庫、虎尾
有水坑,,彰化縣,二水鄉
有應公坑,,彰化縣,花壇鄉
朱丹灣溪,,雲林縣,斗六市
朴子溪,,,
朴子溪排水支線,,屏東縣,高樹鄉
次考干溪,,,
次考干溪,,宜蘭縣,南澳鄉
次高溪,,苗栗,
次高溪,,苗栗縣,泰安鄉
次高溪北源,,苗栗縣,泰安鄉
死湖,,宜蘭縣,南澳鄉
汕尾漁港,,高雄市,林園區
汝仍溪,,屏東,
江西林排水支線,,南投縣,竹山
江某溪,,嘉義縣,番路鄉
江森溝,,高雄市,田寮區
江森溝,,臺南市,龍崎區
池上大坡池排水,,臺東縣,池上鄉
池上國中排水,,臺東縣,池上鄉
池有溪,,臺中市,和平區
池西1號排水路,,澎湖縣,西嶼鄉
灰瑤子溪,,新北市,淡水區
灰寮溝支線排水,,苗栗縣,頭份鎮、竹南鎮
灰寮溝排水,,苗栗縣,竹南鎮
灰寮溪,,苗栗縣,竹南鎮
灰窯溪,,新北市,平溪區
百字坑溪,,高雄市,內門區
百字坑溪,,,
竹子坑,,臺南市,六甲區
竹子坑,,臺中市,太平區
竹子門排水,,高雄市,仁武區
竹子門溝,,高雄市,美濃區
竹子腳坑,,南投縣,水里鄉
竹子腳排水,,臺南市,新營區、鹽水區
竹仔坑,,彰化縣,員林市
竹仔坑溪,,嘉義縣,梅山鄉
竹仔港排水,,高雄市,永安區
竹仔溝,,花蓮縣,富里鄉
竹田排水,,花蓮縣,富里鄉
竹安排水,,宜蘭縣,礁溪鄉
竹安溪,,宜蘭縣,頭城鎮
竹坑,,嘉義縣,大埔鄉
竹坑,,南投縣,國姓鄉
竹坑北坑,,臺中市,龍井區
竹坑溪,,屏東縣,枋山鄉
竹坑溪,,南投縣,中寮鄉
竹坑溪,,臺南市,南化區
竹坑溪,,,
竹東北圳,,新竹縣,竹東鎮
竹東圳,,新竹縣,竹東鎮
竹東圳支線,,新竹縣,竹東鎮
竹東南圳,,新竹縣,竹東鎮
竹林北溪,,臺中市,沙鹿區
竹林坑排水,,彰化縣,芬園鄉
竹林南溪,,臺中市,沙鹿區
竹林埤,,彰化縣,芬園鄉
竹社溪,,屏東,
竹門大排,,臺南市,白河區
竹後排水,,高雄市,仁武區
竹竿埤,,桃園市,大園區
竹桐坑排水,,苗栗縣,大湖鄉
竹桶坑溪,,,
竹圍子上圳,,新北市,淡水區
竹圍子排水支線,,彰化縣,和美鎮
竹圍圳,,苗栗縣,銅鑼鄉
竹圍埤東溪,,屏東縣,屏東市
竹圍溪,,臺南市,"楠西區,玉井區"
竹圍漁港,,桃園市,大園區
竹湖,,新竹市,東區
竹湖坑,,臺南市,六甲區
竹湖溪,,臺南市,玉井區
竹湖溪,,,
竹筏港之一排水,,臺南市,安南區
竹筏港之二排水,,臺南市,安南區
竹溪,臺南東幹線排水溝,臺南市,"東區,中西區,南區"
竹溪,,臺南市,
竹腳溪,,高雄市,六龜區
竹窩溪,,臺北市,士林區
竹蒿,,桃園市,觀音區
竹寮排水,,高雄市,大樹區、鳥松區
竹篙坑,,臺中市,霧峰區
竹興坑排水,,彰化縣,芬園鄉
竹興坑排水,,臺中市,烏日區
竹興坑溪,,彰化,
竹灣1號排水路,,澎湖縣,西嶼鄉
竹灣2號排水路,,澎湖縣,西嶼鄉
竹灣4號排水路,,澎湖縣,西嶼鄉
米米拉喜溪,,臺中市,和平區
米亞丸溪,,花蓮縣,秀林鄉
米亞桑溪,,花蓮縣,卓溪鄉
米粉寮支線,,臺中市,清水區
米粉寮溪,,臺中市,清水區
米粉寮溪,,,
米粉寮溪第一支線,,臺中市,清水區
米摩登溪,,宜蘭縣,大同鄉
米磨登溪,,宜蘭,
米籠坑,,南投縣,水里鄉
羊稠坑溪,,桃園市,龜山區
羊稠厝大排,,雲林縣,口湖鄉、四湖鄉
羊稠厝排水,,臺南市,學甲區
羊寮溪,,桃園市,新屋區
羊寮溪,,新竹縣,新豐鄉
羊寮溪,,,
老人北溪,,,
老人北溪,,高雄市,那瑪夏區
老人南溪,,,
老人南溪,,高雄市那瑪夏區,
老人南溪,,高雄市,那瑪夏區
老人溪,,高雄市那瑪夏區,
老公堀排水,,高雄市,阿蓮區
老田寮溪,,,
老田寮溪,,苗栗,
老庄溪,,苗栗,
老庄溪排水,,苗栗縣,卓蘭鎮
老西溪,,花蓮縣,秀林鄉
老坑溪,,,
老坑溪,,桃園市,楊梅區
老坑溪幹線,,桃園市,楊梅區
老社寮圳,,新竹縣,關西鎮
老埤,,桃園市,蘆竹區
老埤排水幹線,,屏東縣,內埔鄉
老莊溪,,苗栗縣,卓蘭鎮
老湖口排水,,新竹縣,湖口鄉
老街溪,,,
老碑圳,,屏東縣,萬巒鄉
老雞隆溪,,苗栗,
老藤湖坑,,臺南市,南化區
考試潭排水,,嘉義縣,布袋鎮
考潭排水,,高雄市,仁武區
耳無溪,,臺中市,和平區
耳無溪,,,
行健溪,,宜蘭縣,三星鄉
行健溪,,,
西山排水,,苗栗縣,苗栗市
西公林溝,,臺南市,龍崎區
西布喬溪,,,
西瓦少溪,,,
西安2號排水路,,澎湖縣,望安鄉
西安中排,,雲林縣,東勢鄉
西坑,,新竹縣,關西鎮
西坑溪,,金門縣,
西坑溪,,新力里,
西定河,,基隆市,中山區
西定河,,,
西埔中排,,臺南市,北門區、學甲區
西海路區排,,金門縣,金城鎮
西都驕溪,,屏東縣,獅子鄉
西都驕溪支流,,屏東縣,獅子鄉
西都驕溪支線,,屏東縣,獅子鄉
西麥寮排水,,雲林縣,麥寮鄉
西喀拉溪,,,
西港坑,,臺南市,六甲區
西港排水,,臺南市,西港區
西湖1號排水路,,澎湖縣,七美鄉
西湖2號排水路,,澎湖縣,七美鄉
西湖區排,,金門縣,烈嶼鄉
西湖溪,,,
西湖溪支流,,苗栗縣,三義鄉
西勢水庫(自來水公司,,基隆市,暖暖區
西勢坑,,高雄市,六龜區
西勢坑,,,
西勢溪,,新北市,金山區
西勢溪排水幹線,,新北市,金山區
西溪,,,
西衛1號排水路,,澎湖縣,馬公市
西機場排水,,"臺南縣,臺南市",
西螺大排,,雲林縣,二崙鄉、西螺鎮
伯公坑溪,,高雄市,美濃區
伯公岡支線,,"桃園縣,新竹縣",
伯公溪,,苗栗縣,三義鄉
伸港溪底排水幹線,,彰化縣,伸港鄉
伽溪,,臺東縣,卑南鄉
伽溪,,,
伽藍港,富岡漁港,臺東縣,臺東市
但僈溪,,臺東縣,長濱鄉
何姓溪排水幹線,,新竹市,北區
冷水坑,,臺南市,官田區
冷水坑,,苗栗縣,竹南鎮
冷水坑圳,,屏東縣,九如鄉
冷水坑排水,,南投縣,竹山鎮
冷水坑溪,,臺北市,士林區
冷水坑溪,,新北市,五股區
冷水坑溪,,新竹市,東區
冷水坑溪,,新竹,
冷水埤,,臺南市,新化區
冷巖坑溪,,,
初見溪,,,
刣牛坑排水支線,,南投縣,埔里
利哈岸溪,,花蓮縣,光復鄉
利嘉溪,,臺東縣,卑南鄉
利嘉溪,,,
吧沙加魯溪,,,
吳再溪,,花蓮縣,富里鄉
吳再溪南溪,,,
吳厝中排,,雲林縣,虎尾鎮
吳厝北圳,,南投縣,集集鎮
呂範溪,,,
坊寮坑,,南投縣,竹山鎮
坑口埤,,南投縣,集集鎮
坑口溪,,嘉義縣,梅山鄉
坑子口支線,,新竹縣,新豐鄉
坑子口圳,,桃園市,蘆竹區
坑子底埤排水支線,,南投縣,竹山
坑子溪,,桃園市,大園區
坑子溪,,,
坑內坑,,彰化縣,二水鄉
坑內坑排水幹線,,南投縣,名間
坑內坑排水幹線─1,,南投縣,名間
坑內坑排水幹線─2,,南投縣,名間
坑內坑排水幹線─2─1,,南投縣,名間
坑內坑排水幹線─2─1─1,,南投縣,名間
坑內坑排水幹線─2─2,,南投縣,名間
坑內坑排水幹線─3,,南投縣,名間
坑內坑溪,,南投縣,名間鄉
坑內溝,,臺南市,玉井區
坑內溝,,,
坑內溪,,新北市,貢寮區
坑內溪,,臺南市,白河區
坑内溪,,,
坑仔背坑,,嘉義縣,水上鄉
坑仔背坑,,,
坑仔背坑溪,,嘉義水上鄉南鄉村,
坑尾埤,,桃園市,觀音區
坑角溝,,高雄市,旗山區
坑埤圳,,嘉義縣,大林鎮
坔埔排水,,高雄市,鳳山區、鳥松區
壯西排水,,宜蘭縣,壯圍鄉
壯東一大排,,宜蘭縣,壯圍鄉
宋文坑,,臺中市,東勢區
宏農大魚池,,南投縣,魚池鄉
尾敏溪,,南投縣,仁愛鄉
尾敏溪,,,
尾寮排水支線,,屏東縣,高樹鄉
尾寮溪,,新北市,雙溪區
岐頭1號排水路,,澎湖縣,白沙鄉
岐頭2號排水路,,澎湖縣,白沙鄉
志清湖,,桃園市,龜山區
志學排水,,花蓮縣,壽豐鄉
抄封埤,,南投縣,草屯鎮
抄封埤排水幹線,,南投縣,草屯
抄封埤排水幹線─1,,南投縣,草屯
旱坑,,臺中市,太平區
旱坑,,新竹縣,新埔鎮
旱坑子幹線,,新竹縣,新埔鎮
旱坑排水,,臺中市,東勢區
旱知溪,,嘉義縣,大林鎮
旱埤(桃園大圳第十一,,桃園市,新屋區
旱埤仔(水庫),,苗栗縣,通霄鎮
旱溝排水,,臺中市,后里區
旱溪,,嘉義縣,梅山鄉
旱溪排水,,"臺中縣,臺中市",
旱窩壢支線,,新竹縣,新埔鎮
李寶興排水,,宜蘭縣,礁溪鄉
杜風排水,,花蓮縣,玉里鎮
杜風溪,,花蓮縣,玉里鎮
汶水坑幹線,,新竹縣,新埔鎮
汶水河,,新竹縣,新埔鎮
汶水河,,,
汶水溪,,,
汶水溪,,苗栗,
沙巴巴爾溪,,,
沙坑,,苗栗縣,三灣鄉
沙崙-武東窩仔底排水,,臺南市,歸仁區
沙崙溪,,臺東縣,太麻里鄉
沙連溪,沙連溪排水,臺中市,石岡區
沙連溪排水,沙連溪,臺中市,東勢區
沙港1號排水路,,澎湖縣,湖西鄉
沙港2號排水路,,澎湖縣,湖西鄉
沙溪河,,屏東縣,三地門鄉
沙漠溪,,屏東縣,高樹鄉
沙漠溪排水支線,,屏東縣,高樹鄉
沙蓮溪,,臺中市,和平區
沙灣溪,,,
牡丹溪,,屏東,
牡丹溪,,新北市,雙溪區
秀才窩幹線,,桃園市,楊梅區
秀水寮坑,,彰化縣,花壇鄉
秀姑巒溪,,臺東縣,池上鄉
秀姑巒溪,,,
秀柯溪,,臺中市,和平區
秀巒溪,,,
肚兜角圳,,苗栗縣,三灣鄉
良里溪,卡那剛溪,花蓮縣,秀林鄉
良里溪,卡那剛溪,,
良里溪,,,
良里溪(卡那剛溪),卡那剛溪,花蓮縣,秀林鄉
良宗圳,,宜蘭縣,蘇澳鎮
良鑾溪,,屏東縣,滿州鄉
芊蓁坑溪,,新北市,平溪區
芊蓁林溪,,新北市,平溪區
芊蓁林溪,,,
芋真崙坑,,南投縣,竹山鎮
芎林舊圳,,新竹縣,芎林鄉
芎蕉坑,,苗栗縣,苑裡鎮
芎蕉坑,,,
芒子芒埤,,臺南市,玉井區
芒子芒埤幹線第一支線,,臺南市,玉井區
芒子芒埤幹線第二支線,,臺南市,玉井區
芒子芒埤幹線第四支線,,臺南市,玉井區
芒果坑溪,,臺南市,南化區
角坑,,嘉義縣,大埔鄉
角秀小排四,,臺南市,官田區
角埔溪,,高雄市,甲仙區
角宿支線,,高雄市,燕巢區
角帶圍中排,,臺南市,新營區
谷溪,,臺南市,山上區
豆子埔溪,,新竹縣,竹北市
豆子埔溪,,新竹市,北區
豆子埔溪幹線,,新竹縣,竹北市
赤山圳,,屏東縣,萬巒鄉
赤山圳七線,,屏東縣,萬巒鄉
赤山圳五線,,屏東縣,萬巒鄉
赤山圳六線,,屏東縣,萬巒鄉
赤山新圳,,屏東縣,泰武鄉
赤皮寮溪,,宜蘭縣,大同鄉
赤崁1號排水路,,澎湖縣,白沙鄉
赤崁2號排水路,,澎湖縣,白沙鄉
赤馬1號排水路,,澎湖縣,西嶼鄉
赤鹿坑溪,,宜蘭,
赤鹿坑溪,,宜蘭縣,大同鄉
赤鹿坑溪,,嘉義縣,
赤塗崎排水幹線,,桃園市,蘆竹區
赤塗崎溪,,桃園市,蘆竹區
赤塗崎溪,,新北市,林口區
赤蘭坑,,南投縣,竹山鎮
赤蘭溪,,,
車店埤,,桃園市,大園區
車城埤幹線,,屏東縣,車城鄉
車路壢支線,,新竹縣,新埔鎮
車籠埤排水,,臺中市,霧峰區
那多繳薩溪,,高雄市,那瑪夏區
那多羅薩溪,,,
那托爾溪,,高雄市,那瑪夏區
那托爾薩溪,,,
那次蘭溪,,,
那次蘭溪,,高雄市那瑪夏區,
那次蘭溪,,高雄市,那瑪夏區
那拔林溪,,臺南市,山上區
那馬喀班溪,,南投縣,信義鄉
那馬喀班溪,,,
那羅溪,,新竹縣,尖石鄉
邦復坑圳,,高雄市,六龜區
邦復坑圳第一支線,,高雄市,六龜區
邦復坑圳第二支線,,高雄市,六龜區
邦復坑圳第二支線一分,,高雄市,六龜區
邦復坑圳第三支線,,高雄市,六龜區
邦腹北溪,,高雄市,桃源區
邦腹南溪,,高雄市,桃源區
邦腹溪,,高雄市,六龜區
邦腹溪,,,
里仁溪,汝仍溪,屏東縣,牡丹鄉
里仁溪,汝仍溪,,
里仁溪,,,
里仁溪(汝仍溪),汝仍溪,屏東縣,牡丹鄉
里漏排水,,花蓮縣,吉安鄉
亞知巴溪,,,
亞美坑溪,,,
佳山溪,,花蓮縣,秀林鄉
佳平溪,,屏東,
佳平溪排水幹線,,屏東縣,萬巒鄉
佳佐圳,,屏東縣,萬巒鄉
佳里排水支線,,臺南市,麻豆區、佳里區、將軍區
佳佳站溪,,臺東縣,達仁鄉
佳保溪,,臺中市,和平區
佳崙排水,,臺東縣,太麻里鄉
來布安溪,,屏東縣,霧臺鄉
來社溪,,屏東縣,來義鄉
依仁溝,,臺南市,仁德區
典寶溪,,高雄市,梓官區
典寶溪,,,
典寶溪排水,,高雄市,梓官區、橋頭區、岡山區、楠梓區
典寶溪排水,,"高雄縣,高雄市",
刺仔埔,,臺中市,潭子區
卑南大溪,,,
卑南溪,,,
卓溪,,,
卓蘭圳支線排水,,苗栗縣,卓蘭鎮
和平北溪,大濁水北溪,宜蘭縣,南澳鄉
和平北溪,大濁水北溪,,
和平北溪,,宜蘭,
和平民生排水,,臺中市,梧棲區
和平南溪,大濁水南溪,花蓮縣,秀林鄉
和平南溪,大濁水南溪,宜蘭縣,南澳鄉
和平南溪,大濁水南溪,,
和平南溪,,宜蘭,
和平溪,大濁水溪,花蓮縣,秀林鄉
和平溪,,,
和美排水支線,,彰化縣,和美鎮
和興坑排水,,南投縣,南投市
和興坑排水幹線,,南投縣,南投
和興溪,,苗栗縣,獅潭鄉
咕咾坑,,花蓮縣,富里鄉
固床工,,,
坡內坑排水,,新北市,樹林區
坡內埤,,桃園市,觀音區
坡瓜子埤,,桃園市,觀音區
坡頭漁港,,新竹縣,新豐鄉
坦水坑溪,,高雄市,美濃區
坩林埤溝,,新北市,土城區
坪子腳排水支線,,南投縣,草屯
坪林坑,,苗栗縣,卓蘭鎮
坪林排水,,臺中市,太平區
坪頂坑,,臺南市,東山區
坪頂排水,,花蓮縣,玉里鎮
坪頂頭排水分線,,南投縣,草屯
坪瀨溪,,南投縣,信義鄉
奄江岸坑,,南投縣,國姓鄉
奄江岸坑,,,
奇美西溪,,花蓮縣,瑞穗鄉
奇美西溪,,,
奇美東溪,,花蓮縣,瑞穗鄉
奇美東溪,,,
奇美溪,,花蓮縣,瑞穗鄉
奇美溪,,,
奇萊溪,,花蓮,
奇萊溪,柴田溪,花蓮縣,秀林鄉
奇萊溪,柴田溪,,
姑子崙溪,,臺東縣,達仁鄉
姑娘溪,,彰化縣,花壇鄉
姑婆寮排水,,高雄市,大樹區
姑婆寮溪,,新北市,坪林區
官田中排,,臺南市,官田區
官藏排水幹線,,屏東縣,萬巒鄉
宜梧大排,,雲林縣,口湖鄉
宜蘭河,,,
宜蘭河,,宜蘭,
宜蘭河,,宜蘭縣,員山鄉
尚義區排,,金門縣,金湖鎮
岡山仔溪,,高雄市,內門區
岡林溪,,臺南市,左鎮區
岡林溪,,,
岸內排水,,臺南市,鹽水區、學甲區
帖布帖開溪,,高雄市那瑪夏區,
帖布帖開溪,,高雄市,那瑪夏區
帖畢倫溪,,南投縣,仁愛鄉
幸原溪,,,
幸福川,,,
店子岡崁下圳,,新竹縣,關西鎮
店子埤,,桃園市,大園區
庚寮坑排水,,新竹縣,峨眉鄉
府番大排,,雲林縣,北港鎮
延平排水,,雲林縣,土庫鎮、虎尾鎮
延潭大排,,雲林縣,大埤鄉
忠孝新村區排,,金門縣,金沙鎮
忠和中排水,,臺中市,龍井區
怕怕西溪,,高雄市,桃源區
怡勘溪,,花蓮,
怡堪溪,知亞干溪,花蓮縣,萬榮鄉
怡堪溪,知亞干溪,,
怡堪溪(知亞干溪),知亞干溪,花蓮縣,秀林鄉
房裡溪,,,
抬耀溪,,新竹縣,尖石鄉
抬耀溪,,桃園市,復興區
抵美簡圳,,宜蘭縣,頭城鎮
抵美簡排水,,宜蘭縣,頭城鎮
抽藤坑,,臺中市,新社區
抽藤坑溪,,,
拉巴丸溪,,,
拉巴薩巴溪,,高雄市,桃源區
拉巴灣溪,,宜蘭縣,大同鄉
拉克斯溪,,高雄市桃源區,
拉克斯溪,,高雄市,桃源區
拉里吧溪,,臺東縣,達仁鄉
拉庫邦溪,,高雄市,桃源區
拉庫音溪,,,
拉庫音溪,,高雄市,桃源區
拉濫溪,,花蓮縣,豐濱鄉
拓榴溝,,苗栗,
拔子溪,,花蓮縣,瑞穗鄉
拔子溪,,,
拔西猴溪,,,
拔馬坑,,南投縣,水里鄉
拔馬坑排水幹線,,南投縣,水里
拔馬坑排水幹線─1,,南投縣,水里
拔馬坑排水幹線─2,,南投縣,水里
拔馬坑溪,,南投縣水里鄉鉅工村,
放生湖,,基隆市,信義區
斧頭坑排水,,苗栗縣,西湖鄉
斧頭坑溪,,苗栗縣,西湖鄉
昆明湖,,新竹市,東區
昇高排水幹線,,新北市,深坑區
昌坑溝,,高雄市,田寮區
明里排水,,花蓮縣,富里鄉
明德水庫,,苗栗縣,頭屋鄉
東三股中排,,臺南市,七股區
東大排水,,新竹市,東區、北區
東大溪,,臺中市,西屯區
東山大排,,臺南市,東山區
東天湖坑,,嘉義縣,水上鄉
東文1號排水路,,澎湖縣,馬公市
東水坑,,臺南市,南化區
東水坑,,,
東北勢排水,,臺南市,麻豆區
東卯溪,,臺中市,和平區
東石1號排水路,,澎湖縣,湖西鄉
東石2號排水路,,澎湖縣,湖西鄉
東石漁港,,嘉義縣,東石鄉
東光溪,木屐蘭溪,南投縣,魚池鄉
東光溪,木屐蘭溪,,
東光溪,,南投縣,魚池鄉
東圳支線,,南投縣,集集鎮
東安1號排水路,,澎湖縣,望安鄉
東坑,,苗栗縣,獅潭鄉
東汴坑溪,,臺中市,太平區
東汴坑溪,,,
東沙溪區排,,金門縣,金城鎮
東里排水,,花蓮縣,富里鄉
東和街排水,,新北市,樹林區
東明溪幹線,,桃園市,新屋區、楊梅區
東林厝中排,,雲林縣,四湖鄉
東林區排,,金門縣,烈嶼鄉
東武荖坑溪,,宜蘭縣,南澳鄉
東武荖坑溪,,,
東河,,苗栗縣,銅鑼鄉
東河,,,
東河排水,,苗栗縣,公館鄉、銅鑼鄉
東河排水,,臺南市,東山區、柳營區
東門排水,,高雄市,美濃區
東門排水,,新北市,鶯歌區
東門溪,,高雄市,內門區
東門溪,,屏東縣,恆春鎮
東門溪,,桃園市,桃園區
東門溪,,,
東門溪排水幹線,,屏東縣,恆春鎮
東門溪排水幹線,,桃園市,桃園區、八德區
東洗水溪,,苗栗縣,泰安鄉
東洗水溪,,,
東員寶支線,,臺中市,大雅區
東埔圳,,南投縣,埔里鎮
東埔蚋溪,,,
東埔蚋溪排水幹線─2,,南投縣,竹山
東埔蚋溪排水幹線─3,,南投縣,竹山
東埔蚋溪排水幹線─4,,南投縣,竹山
東埔蚋溪排水幹線─5,,南投縣,竹山
東埔溪,,,
東峰溪,,南投縣,仁愛鄉
東峰溪,,,
東海湖,,臺中市,西屯區
東清北溪,,臺東縣,蘭嶼鄉
東清溪,,臺東縣,蘭嶼鄉
東眼溪,,新北市,三峽區
東眼溪,,南投縣,仁愛鄉
東眼溪,,,
東莊溪,東庄溪,,
東莊溪,,高雄市,桃源區
東鹿坑溪,,新北市,三峽區
東港第一大排水,,屏東縣,東港鎮
東港溪,,,
東港漁港,,屏東縣,東港鎮
東湖,,花蓮縣,壽豐鄉
東勢川,,,
東勢坑,,臺南市,楠西區
東勢坑排水支線,,南投縣,名間
東勢坑排水支線─1,,南投縣,名間
東勢坑溪,,高雄市,美濃區
東勢坑溪,,南投縣,名間鄉
東勢坑溪,,基隆市,暖暖區
東勢坑溪,,,
東勢厝大排,,雲林縣,東勢鄉
東勢格溪,,新北市,平溪區
東勢格溪,,,
東勢湖坑,,臺南市,六甲區
東勢溪,,桃園市,新屋區
東勢溪,,,
東勢溪幹線,,桃園市,新屋區
東勢閣坑,,南投縣,中寮鄉
東勢閣溪,,南投縣,中寮鄉
東新陂,,臺北市,南港區
東膏蚋坑,,臺南市,六甲區
東廣寮溪,,嘉義,
東衛1號排水路,,澎湖縣,馬公市
東澳北溪,,宜蘭縣,南澳鄉
東澳北溪,東澳溪,宜蘭縣,蘇澳鎮
東澳南溪,,宜蘭縣,南澳鄉
東澳溪,,,
東澳漁港,,新北市,萬里區
東興排水,,苗栗縣,頭份鎮
東螺溪,,,
東壘溪,,宜蘭,
東豐小排三,,臺南市,柳營區、六甲區
東豐中排一,,臺南市,六甲區
東瓊埔中排,,雲林縣,水林鄉
東巒大山西游,,南投縣,信義鄉
東巒大山西游,,,
東灣橋排水,,嘉義縣,竹崎鄉
松子港,,嘉義縣,東石鄉
松子溝排水,,嘉義縣,東石鄉
松子腳排水,,臺中市,大安區
松子腳溪,彎崎溪,臺南市,關廟區
松子腳溪,彎崎溪,高雄市,田寮區
松子腳溪,彎崎溪,,
松子腳溪,,,
松山溪,,,
松柏坑,,彰化縣,二水鄉
松柏坑,,南投縣,水里鄉
松柏坑,,雲林縣朝陽村,
松柏坑溪,,雲林縣,古坑鄉
松柏坑溪,,臺東縣,東河鄉
松柏坑溪,,,
松柏排水幹線,,新北市,深坑區
松柏港,,臺中市,大甲區
松風溪,,臺東縣,延平鄉
松風溪,,,
松溪,,臺北市,士林區
松羅溪,,,
松鶴一溪,,臺中市,和平區
松鶴二溪,,臺中市,和平區
松蘿溪,,宜蘭,
板本排水分線,,彰化縣,秀水鄉大村鄉
枇杷城排水幹線,,南投縣,埔里
枋子坑溝,,南投縣,南投市
枋子崙溪,,花蓮縣,富里鄉
枋子頭坑,,臺南市,楠西區
枋山溪,,臺東縣,達仁鄉
枋山溪,,,
枋仔寮溪,,臺東縣,東河鄉
枋仔寮溪,,,
枋脚溪,,,
枋溪,,,
枋腳溪,,新北市,貢寮區
枋寮一圳,,新竹縣,新埔鎮
枋寮大圳,,新竹縣,新埔鎮
枋寮支線,,屏東縣,枋寮鄉
枋寮排水幹線,北勢溪,屏東縣,枋寮鄉
枋寮溪,,高雄市,杉林區
枋寮溪,,,
枋寮漁港,,屏東縣,枋寮鄉
林口溪,,,
林子坑,,南投縣,水里鄉
林子排水,,南投縣,南投市
林子溪,,,
林子頭溪,,雲林縣,斗六市
林子邊排水,,高雄市,大社區、仁武區
林內圳,,苗栗縣,三灣鄉
林內溪,,雲林,
林初埤,,臺南市,白河區
林尾溪,,宜蘭縣,礁溪鄉
林投1號排水路,,澎湖縣,湖西鄉
林和源排水,,宜蘭縣,冬山鄉
林厝排水,,臺中市,西屯區、大雅區
林厝寮大排一,,雲林縣,四湖鄉
林厝寮大排二,,雲林縣,四湖鄉
林園排水,,高雄市,大寮區
林邊排水幹線,,屏東縣,林邊鄉
林邊第一號排水幹線,,屏東縣,林邊鄉
林邊溪,,,
林寶春排水,,宜蘭縣,冬山鄉
果毅後排水,,臺南市,柳營區
武丁排水幹線,,屏東縣,潮州鎮、南州鄉
武拉庫散溪,,,
武洛溪,,,
武洛溪排水幹線,,屏東縣,九如鄉、里港鄉、鹽埔鄉
武界水庫,,南投縣,仁愛鄉
武荖坑溪,,宜蘭縣,大同鄉
武陵溪,,臺中市,和平區
武鹿溪,,,
武雲溪,,,
武暖排水,,宜蘭縣,礁溪鄉
武榮山坑,,,
武營溪,,宜蘭縣,頭城鎮
武營溪,,,
河內溪,,花蓮縣,光復鄉
河背排水,,新竹縣,峨眉鄉
油田支流, 寶1-4排水,新竹縣,寶山鄉
油車坑,,南投縣,水里鄉
油車溪,,桃園市,大園區
油車窩幹線,,新竹縣,竹東鎮
油羅幹線,,新竹縣,橫山鄉
油羅溪,,,
泊子寮漁港,,雲林縣,口湖鄉
法落安溪,,臺東縣,東河鄉
法落安溪,,,
波浪溪,,,
波羅汶排水,,新竹縣,湖口鄉、新豐鄉
波羅汶溪,,新竹縣,新豐鄉
泥水北溪,,臺東縣,池上鄉
泥水南溪,,臺東縣,池上鄉
狗寮溪,,臺南市,南化區
直坑,,苗栗縣,獅潭鄉
直瀨溪,,高雄市,六龜區
知本溪,,,
社口中排二,,雲林縣,西螺鎮
社子南圳,,南投縣,水里鄉
社子腳坑支線,,臺中市,大肚區
社皆坑溪,,屏東縣,車城鄉
社苓溪,,苗栗縣,苑裡鎮
社厝坑圳,,新北市,淡水區
社寮坑,,苗栗縣,獅潭鄉
社寮坑幹線,,新竹縣,峨眉鄉
空埔溝,,高雄市,田寮區
羌子寮溪,,高雄市,美濃區
羌子寮溪,,,
羌子寮溪排水,,高雄市,美濃區
羌園排水幹線,,屏東縣,佳冬鄉
芙登溪,,,
芭拉溪,,屏東縣,牡丹鄉
芭拉溪,,,
芭樂坑,,彰化縣,二水鄉
芭樂坑,,南投縣,名間鄉
芭樹埤排水,,屏東縣,潮州鎮
芭樹埤排水幹線,,屏東縣,潮州鎮
花草坑,,苗栗縣,卓蘭鎮
花草坑溪,,苗栗縣卓蘭鎮坪林里,
花園溪,,新竹縣,五峰鄉
花蓮港,,花蓮縣,花蓮市
花蓮溪,,,
芳美圳,,南投縣,南投市
虎仔耳排水支線,,南投縣,埔里
虎仔坑,,南投縣,名間鄉
虎仔坑溪,,,
虎穴仔溝,,臺南市,大內區
虎地坑,,苗栗縣,卓蘭鎮
虎尾中排二,,雲林縣,虎尾鎮
虎尾溝排水幹線,,屏東縣,九如鄉、里港鄉
虎尾溪,,雲林,
虎形溝,,高雄市,旗山區
虎豹坑溪,,桃園市,大溪區
虎頭山排水幹線,,屏東縣,恆春鎮
虎頭埤,,高雄市,三民區
虎頭埤,,臺南市,新化區
虎頭溪排水,,臺南市,新市區、新化區
金大安埤,大湖埤,宜蘭縣,員山鄉
金子坑,,南投縣,國姓鄉
金山清水溪排水,,新北市,金山區
金水溪區排,,金門縣,金城鎮
金包里溪,,新北市,金山區
金包里溪排水,,新北市,金山區
金瓜坑,,桃園市,大溪區
金瓜坑,,苗栗縣,公館鄉
金瓜溪,,雲林縣,古坑鄉
金瓜寮坑,,南投縣,草屯鎮
金瓜寮坑排水幹線,,南投縣,草屯
金瓜寮溪,,,
金沙溪,,金門縣,
金長源圳,,宜蘭縣,礁溪鄉
金城湖,,新竹市,香山區
金城湖排水,,新竹市,香山區
金崙溪,,,
金陵排水,,嘉義縣,布袋鎮
金湖漁港,,雲林縣,口湖鄉
金獅湖,,高雄市,三民區
金樽港,,臺東縣,東河鄉
金龍湖,大埤池,臺東縣,大武鄉
金龍湖,,新北市,汐止區
長田岸圳,,新北市,三芝區
長安嶺排水,,新竹縣,湖口鄉
長良排水,,花蓮縣,玉里鎮
長坡溪,,桃園市,八德區中壢區
長枝坑溪,,嘉義縣,大埔鄉
長枝坑溪,,,
長城溪,,新北市,三峽區
長埤,,宜蘭縣,三星鄉
長埤(桃園大圳第十一,,桃園市,新屋區
長崎埤,,苗栗縣,造橋鄉
長短樹排水,,臺南市,後壁區
長寮圳,,南投縣,魚池鄉
長潭里漁港,,基隆市,中正區
長橋排水,,花蓮縣,鳳林鎮
長濱排水,,臺東縣,長濱鄉
長濱船澳,,臺東縣,長濱鄉
長濱溪,,,
長雙坑,,南投縣,國姓鄉
阿士文溪,,屏東縣,獅子鄉
阿寸溪,,臺中市,"新社區,和平區"
阿公店水庫,,高雄市,田寮區
阿公店溪,,高雄,
阿公店溪,,,
阿四坑溪,,,
阿四坑溪排水,,新北市,三峽區
阿玉溪,,新北市,烏來區
阿玉溪,,,
阿西福壽池,,南投縣,埔里鎮
阿冷坑,,南投縣,國姓鄉
阿冷坑溪,,國姓鄉,北港村
阿里山溪,,花蓮縣,富里鄉
阿里山溪,,,
阿里不動溪,,,
阿里史排水,,宜蘭縣,三星鄉
阿里史溪,,宜蘭縣,蘇澳鎮
阿里史溪後湖支線,,宜蘭縣,蘇澳鎮
阿里荖漁港,,新北市,石門區
阿里磅溪,,新北市,石門區
阿拔泉排水支線,,屏東縣,高樹鄉
阿花來溪,,南投縣,信義鄉
阿花來溪,,,
阿柔洋排水幹線,,新北市,深坑區
阿眉溪,,,
阿美仔坑,,臺南市,南化區
阿美仔坑,,,
阿美溪排水,,花蓮縣,玉里鎮
阿烏排水支線,,屏東縣,高樹鄉
阿烏溪,,屏東縣,三地門鄉
阿勢坑,,新北市,三峽區
阿塱衛溪,,臺東縣,達仁鄉
阿塱衛溪,,,
阿樂阿樂岸溪,,屏東縣,枋寮鄉
阿彌陀坑,,彰化縣,芬園鄉
阿彌陀坑,,臺中市,烏日區
青山港,青山港(外港),臺南市,七股區
青山港,青山港(內港),臺南市,將軍區
青宅排水分線,,南投縣,草屯
青宅溝排水支線,,南投縣,草屯
青岐區排,,金門縣,烈嶼鄉
青埔人埤,,桃園市,中壢區
青埔仔埤,,桃園市,觀音區
青埔埤,,桃園市,觀音區
青草湖,,新竹市,東區
青番頭坑,,南投縣,國姓鄉
青窩埤,,新竹縣,竹東鎮
青窩壢幹線,,新竹縣,竹東鎮
青潭溪,,,
青螺1號排水路,,澎湖縣,湖西鄉
俊哪水庫,,花蓮縣,光復鄉
保力溪,,,
保成坑,,新北市,雙溪區
保舍甲排水,,高雄市,大社區
保長坑溪,,,
保養溪,,宜蘭縣大同鄉,
保養溪,,宜蘭縣,大同鄉
信義民構排水,,臺中市,梧棲區
信興養魚池,,花蓮縣,壽豐鄉
前庄排水,,高雄市,大寮區
前東港排水,,嘉義縣,布袋鎮
前埔厝排水,,高雄市,仁武區
前浦溪,,,
前慈湖,,桃園市,大溪區
前鎮溪,,,
前鎮運河,,高雄市,前鎮區
前鎮漁港,,高雄市,前鎮區
南八老爺排水,,臺南市,柳營區
南三間屋溪,,臺東縣,長濱鄉
南下營中排二,,臺南市,佳里區
南大排水,,花蓮縣,瑞穗鄉
南山溪,,南投縣,仁愛鄉
南山腳中排二,,雲林縣,水林鄉
南仁鬱溪,,屏東縣,滿州鄉
南元長中排,,雲林縣,元長鄉
南化水庫,,臺南市,南化區
南屯溪排水,,臺中市,西屯區、南屯區、烏日區
南方澳漁港,,宜蘭縣,蘇澳鎮
南北溪厝中排,,雲林縣,虎尾鎮
南北橋圳,,苗栗縣,三義鄉
南平坑,,南投縣,水里鄉
南平排水,,花蓮縣,鳳林鎮
南平排水鐵路西側支線,,花蓮縣,鳳林鎮
南平漁港,,屏東縣,東港鎮
南打鐵坑,,新竹縣,新埔鎮
南打鐵坑圳,,新竹縣,關西鎮
南石寧埔溪,,臺東縣,長濱鄉
南圳,,桃園市,新屋區
南圳,,南投縣,仁愛鄉
南庄排水,,臺中市,大安區
南考試潭中排一支線,,嘉義縣,布袋鎮
南坑,,臺中市,豐原區
南坑,,南投縣,草屯鎮
南坑,,新竹市,香山區
南坑,,新竹縣,寶山鄉
南坑,水漣南溪,花蓮縣,壽豐鄉
南坑,水璉南溪,,
南坑排水幹線,,南投縣,草屯
南坑頂圳,,桃園市,桃園區
南坑溪,,苗栗,
南坑溪,,臺中市,霧峰區
南坑溪,,苗栗縣,泰安鄉
南投埤,,桃園市,新屋區
南投埤坑,,臺南市,楠西區
南京排水,,臺東縣,臺東市
南坪圳,,苗栗縣,造橋鄉
南河,,苗栗,
南河,,苗栗縣,公館鄉
南河圳,,苗栗縣,三灣鄉
南河圳排水,,苗栗縣,南庄鄉
南河溪,,高雄市,杉林區
南門埤排水幹線,,屏東縣,潮州鎮
南門溪,,新竹市,東區
南門溪支線,,新竹市,東區
南風寮坑,,彰化縣,花壇鄉
南埔圳,,苗栗縣,南庄鄉
南埔埤排水幹支線,,屏東縣,林邊鄉、東港鎮
南埔排水,,臺中市,大安區
南埔溪,,臺中市,大安區
南埔路排水支線,,南投縣,草屯
南崁圳,,桃園市,龜山區
南崁頂圳,,桃園市,龜山區
南崁溪,,,
南崗排水幹線,,南投縣,南投
南掃別溪,,臺東縣,長濱鄉
南郭坑溪,,彰化市,
南港溪,南烘溪,南投縣,埔里鎮
南港溪,南烘溪,,
南港溪,頭股溪,南投縣,魚池鄉
南港溪,頭股溪,,
南港溪上游,,苗栗縣,三灣鄉
南湖坑,,苗栗縣,大湖鄉
南湖坑排水,,苗栗縣,大湖鄉
南湖溪,,臺中市,和平區
南湖溪,,,
南湖溪,,苗栗,
南雅大坑,,彰化縣,社頭鄉
南雅漁港,,新北市,瑞芳區
南勢坑,,新北市,淡水區
南勢坑,,臺南市,六甲區
南勢坑,,雲林縣,斗六市
南勢坑排水,,苗栗縣,後龍鎮、苗栗市
南勢坑溪,,高雄市,內門區
南勢坑溪,,,
南勢林支線排水,,苗栗縣,苑裡鎮
南勢埔坑排水,,彰化縣,芬園鄉
南勢排水支線,,南投縣,草屯
南勢湖溪,,屏東縣,枋山鄉
南勢溪,,,
南勢溪,,苗栗,
南勢溪,,臺中市,沙鹿區
南勢溪,,苗栗縣,後龍鎮
南勢溪排水幹線,,新北市,金山區
南園中排二,,雲林縣,莿桐鄉
南溪,仙水溪,臺東縣,池上鄉
南溪,仙水溪,,
南溪,,臺東縣,東河鄉
南溪,,花蓮縣,富里鄉
南靖排水路,,嘉義縣,水上鄉、鹿草鄉
南靖溪,,嘉義縣,梅山鄉
南廍排水,,臺南市,下營區、官田區
南榮河,,基隆市,仁愛區
南寮1號排水路,,澎湖縣,湖西鄉
南寮港,,新竹市,北區
南寮溪,,臺南市,楠西區
南寮漁港,,高雄市,彌陀區
南寮漁港,,臺東縣,綠島鄉
南澳北溪,,,
南澳溪,,宜蘭縣,蘇澳鎮
南澳溪,,,
南興溪,,臺東縣,大武鄉
南頭河,,高雄市,美濃區
南龍圳,,苗栗縣,南庄鄉
南龍坑溪,,苗栗縣,苗栗市
南簡排水,,臺中市,清水區
南邊溪,,臺中市,南屯區
南灣溪,,新北市,林口區
厚殼溪,,屏東縣,車城鄉
叛散埤,,屏東縣,長治鄉
咬狗溪,,雲林縣,斗六市
品田溪,,臺中市,和平區
哆囉固溪,,,
哈尤溪,,臺東縣,卑南鄉
哈尤溪,,屏東縣,霧臺鄉
哈盆溪,,新北市,烏來區
城子埔二號圳,,臺東縣,長濱鄉
城子埔溪,,,
城山溪,,臺東縣,長濱鄉
城埔溪,,,
城廓圳,,臺中市,外埔區
奎輝溪,,桃園市,復興區
姜子寮坑,,彰化縣,花壇鄉
姜子寮溪,,新北市,汐止區
客人坑,,南投縣,竹山鎮
客人埤排水,,高雄市,路竹區
客子厝大排,,雲林縣,北港鎮、元長鄉
客雅南北圳,,新竹市,香山區
客雅溪,,新竹市,北區
客雅溪,,,
客雅溪延平支線,,新竹市,香山區、北區
客雅溪排水,,"新竹縣,新竹市",
屎穴溝,,高雄市,田寮區
屎穴溝,,臺南市,龍崎區
屏南工業區排水,,屏東縣,枋寮鄉
巷口中排四,,臺南市,將軍區
巷內坑,,新北市,貢寮區
帝爺廟前排水支線,,苗栗縣,後龍鎮
建和溪,,臺東縣,卑南鄉
建業排水,,宜蘭縣,宜蘭市
待人北坑,,彰化縣,彰化市
後大埔溪,,嘉義縣,阿里山鄉
後安大排,,雲林縣,麥寮鄉
後庄仔埤,,桃園市,觀音區
後庄直排一,,嘉義市,東區
後庄直排二,,嘉義市,東區
後庄埤,,雲林縣,斗六市
後庄排水,,高雄市,仁武區
後庄排水,隆恩排水,"嘉義縣,嘉義市",
後庄排水（後庄里）,,嘉義市,
後池堰,,桃園市,大溪區
後坑子坑,,新北市,三芝區
後坑子溪,,新北市,石碇區
後坑仔溪,,嘉義縣,中埔鄉
後坑溪,,新北市,林口區
後村圳,,新北市,新莊區
後勁溪,,,
後勁溪後勁支線,,高雄市,楠梓區
後勁溪排水,,高雄市,仁武區
後洲溪,,,
後厝溪,,桃園市,大園區
後厝溪,,新北市,三芝區
後堀排水,,臺南市,大內區
後堀溪,,嘉義縣,大埔鄉
後堀溪,,,
後莊排水,,花蓮縣,富里鄉
後港中排三,,臺南市,七股區
後港排水,,臺南市,七股區
後港溪,,彰化縣,芳苑鄉
後湖塘(桃園大圳第十,,桃園市,新屋區
後湖溪,,桃園市,新屋區
後街溪,,桃園市,蘆竹區
後鄉排水,,高雄市,路竹區
後溝子大排,,雲林縣,大埤鄉
後溝尾中排,,嘉義縣,太保市
後慈湖,,桃園市,大溪區
後寮1號排水路,,澎湖縣,白沙鄉
後寮溪,,屏東縣,東港鎮
後寮溪,,南投縣,中寮鄉
後寮溪排水幹線,,南投縣,中寮
後層坑,,臺南市,南化區
後壁坑,,南投縣,中寮鄉
後壁坑,,臺南市,玉井區
後壁厝排水幹線,,桃園市,蘆竹區
後壁排水,,臺南市,後壁區
後壁湖漁港,,屏東縣,恆春鎮
後壁溪,,臺南市,龍崎區
後壁溪,,屏東縣,高樹鄉
後壁溪排水幹線,,屏東縣,高樹鄉
後龍溪,,,
後營排水,,臺南市,西港區、麻豆區
後鎮中排四,,嘉義縣,義竹鄉
後鎮排水,,臺南市,後壁區、新營區、鹽水區
後鎮排水,,嘉義縣,義竹鄉
後灣港,,屏東縣,車城鄉
思樣子坑,,臺南市,大內區
急水溪,,,
急水溪排水,,臺南市,下營區
拜律溪,,屏東縣,滿州鄉
拱子溝,,新竹縣,關西鎮
拱子溝溪,,花蓮縣,富里鄉
拱仔溝排水,,花蓮縣,富里鄉
拷潭大排水溝,,高雄市,大寮區
拷潭排水,,高雄市,大寮區
挖子漁港,,新北市,貢寮區
施厝寮大排,,雲林縣,麥寮鄉、崙背鄉
春日排水,,花蓮縣,玉里鎮
春日溪,,花蓮縣,玉里鎮
春牛埔大排,,雲林縣,水林鄉
春珠排水,,嘉義縣,太保市
柑子林溝,,高雄市,內門區
柑仔山溪,,臺東縣,成功鎮
柑仔山溪,,,
柑仔坑,牛相觸三號坑,南投縣,埔里鎮
柑仔坑,牛相觸三號坑,,
柑仔坑,,宜蘭縣,三星鄉
柑林坑,,南投縣,水里鄉
柑脚溪,,,
柑腳溪,,新北市,石碇區
柚子腳坑,,臺南市,南化區
柚子頭溪,,臺南市,白河區
柚仔坑,,臺中市,霧峰區
柚仔坑溪,,臺南市,東山區
柯子坑支線,,南投縣,竹山鎮
柯子湖溪排水,,"新竹縣,新竹市",
柯志溪,,,
柯厝坑,,新北市,泰山區
柯厝坑,,桃園市,龜山區
柯厝坑幹線直排,,新北市,泰山區
柯殼溪,,臺南市,左鎮區
柳子溝排水路,,嘉義縣,溪口鄉
柳川,,,
柳川排水,,臺中市,"烏日區,北屯區"
柳仔坑,,彰化縣,二水鄉
柳樹埤,,桃園市,大溪區
段巷溪,,高雄市,美濃區
段巷溪,,,
泉水坑,,桃園市,龍潭區
泉州厝溝,,嘉義縣,竹崎鄉
泉州排水支線,,彰化縣,伸港鄉
洋子厝溪排水幹線,,彰化縣,鹿港鎮、和美鄉、秀水鄉、彰化市、花壇鄉
洋仔厝溪,,,
洗水坑,,苗栗縣,泰安鄉
洗布埤,,臺南市,六甲區
津林溪,,,
洲仔中排,,雲林縣,二崙鄉
洽溪,,桃園市,大園區
洽溪幹線,,桃園市,大園區、中壢區
洽溪溪,,,
流東溪,,新竹縣,峨眉鄉
流東溪,,苗栗縣,頭份市
流麻溝,,,
流壁下坑,,苗栗縣,卓蘭鎮
流興溪,,,
流藤坑溪,,臺南市,南化區
流籐坑溪,,,
炭坑,,彰化縣,大村鄉
炭寮坑,,臺南市,楠西區
炭寮坑,,,
為隨排水,,高雄市,岡山區
珍東坑,,臺中市,東勢區
界橋溪,,臺東縣,成功鎮
相思湖,,新竹市,東區
相原溪,,,
省訓團排水支線,,南投縣,南投
眉原溪,,南投縣,仁愛鄉
眉溪,,南投縣仁愛鄉,
看西排水,,臺南市,安定區、新市區
砂仔坑溝,,臺南市,龍崎區
砂仔港排水,礁溪,宜蘭縣,礁溪鄉、頭城鎮
砂卡礑溪,,花蓮縣,秀林鄉
砂卡礑溪,,,
砂崙河,,屏東縣,新埤鄉
砂溝碑支線,,苗栗縣,苗栗市
科仔林溪,,嘉義縣阿里山鄉,
科里排水,,臺南市,東山區
科底溪,,嘉義縣竹崎鄉,
科蘭溪,,花蓮縣,秀林鄉
科蘭溪,,,
穿龍圳山幹線,,苗栗縣,公館鄉
穿龍圳北幹線,,苗栗縣,公館鄉
穿龍圳南幹線,,苗栗縣,公館鄉
竿蓁林溪,,,
紅土厝埤,,桃園市,大園區
紅土溪,,屏東縣,滿州鄉
紅毛港,,新竹縣,新豐鄉
紅毛溪,,臺東縣,成功鎮
紅水仙溪,,新北市,八里區
紅水仙溪,,,
紅水坑溪,,,
紅水瑔溪,,臺南市,左鎮區
紅仔抖坑,,苗栗縣,卓蘭鎮
紅仙泉坑,,臺中市,霧峰區
紅石溪,,臺東,
紅花園坑溝,,高雄市,內門區
紅泉坑,,臺南市,六甲區
紅茄定排水,,臺南市,學甲區
紅埤,,桃園市,龍潭區
紅菜坑,,臺中市,北屯區
紅葉圳,,臺東縣,延平鄉
紅葉溪,,臺東、花蓮縣,卓溪鄉
紅達拉溪,,宜蘭,
紅橋溪,,屏東縣,高樹鄉
紅糖埤,,桃園市,觀音區
紅頭溪,,臺東縣,蘭嶼鄉
紅羅1號排水路,,澎湖縣,湖西鄉
紅羅2號排水路,,澎湖縣,湖西鄉
美好里漁港,,嘉義縣,布袋鎮
美秀溪,,,
美秀溪,,高雄市,桃源區
美崙溪,娑婆礑溪,花蓮縣,吉安鄉
美崙溪,娑婆礑溪,,
美崙溪,,,
美雅溪,,高雄市,茂林區
美福排水,,宜蘭縣,員山鄉、宜蘭市
美濃排水,,高雄市,美濃區
美濃湖排水,,高雄市,美濃區
美濃溪,,,
美優溪,,,
美優溪,,宜蘭,
美羅坑溝,,高雄市,田寮區
美羅溪,,,
美羅溪,,宜蘭,
美羅溪,,宜蘭縣,大同鄉
耶克糾溪,,宜蘭,
背山排水,,新竹縣,峨眉鄉
胡桶小坑排水溝,,宜蘭縣,冬山鄉
苑裡溪,大埔溪,苗栗縣,通霄鎮
苑裡溪,大埔溪,,
苑裡溪,,,
苑裡漁港,,苗栗縣,苑裡鎮
苓子林中排,,臺南市,善化區
苓仔溪,苓仔齋溪,花蓮縣,玉里鎮
苓仔溪,苓仔齋溪,,
苦仔坑溪,,,
苦瓜寮坑,,彰化縣,花壇鄉
苦竹溪,,屏東縣,枋寮鄉
苦林坑,,臺中市,東勢區
苦苓湖溪,,臺南市,龍崎區
苦苓腳排水,,南投縣,南投市
苦苓腳排水幹線,,南投縣,南投
苦苓腳排水幹線─1(鳳鳴),,南投縣,南投
苦苓腳溪,,嘉義縣,番路鄉
苧仔寮坑,,臺南市,南化區
苧園坑,,臺中市,北屯區
苧園溪,,臺中市,北屯區
英坑區排,,金門縣,金沙鎮
茄冬坑,,苗栗縣,銅鑼鄉
茄苳坑,,桃園市,大溪區
茄苳坑排水幹線,,南投縣,集集
茄苳林二排,,宜蘭縣,員山鄉
茄苳排水,,南投縣,南投市
茄苳排水分線,,南投縣,南投
茄苳排水分線─1,,南投縣,南投
茄苳湖,,臺南市,關廟區
茄苳溪,,高雄市,內門區
茄苳溪,,新竹縣,新豐鄉
茄苳溪,,,
茄苳腳排水溝,,南投縣,南投市
茄苳寮溪,,臺中市,太平區
茄苳樹坑,,南投縣,國姓鄉
茄苳瀑布,,新北市,汐止區
茄荖溪,,彰化縣,芬園鄉
茄荖溪,,南投縣,草屯鎮
茄湖排水幹線,,屏東縣,恆春鎮
茄萣排水,,高雄市,茄萣區
茅仔埔圳,,苗栗縣,西湖鄉
茅平橋排水,,花蓮縣,豐濱鄉
茅埔圳,,南投縣,國姓鄉
茅埔坑,,南投縣,國姓鄉
茅草山溝,,高雄市,田寮區
軍功寮排水幹線─1,,南投縣,南投
軍功寮排水幹線─2,,南投縣,中寮
軍功寮溪,龍眼林溪,南投縣,中寮鄉
重光1號排水路,,澎湖縣,馬公市
重光2號排水路,,澎湖縣,馬公市
重安溪,,臺東縣,成功鎮
重安溪,,,
重嶺溪,,,
面埔前溪,,高雄市,燕巢區
韭菜坑,,新竹市,香山區
韭菜湖溪,,南投縣,國姓鄉
風尾坑,,桃園市,龜山區
風美溪,,苗栗縣,南庄鄉
風美溪,,,
風櫃口埤,,桃園市,龍潭區
風騷溝,,臺中市,沙鹿區
飛沙大排,,雲林縣,口湖鄉、四湖鄉
飛沙中排,,雲林縣,四湖鄉
食水坑,,南投縣,草屯鎮
食水坑,,苗栗縣,卓蘭鎮
食水坑,,臺中市,東勢區
食水坑排水幹線,,南投縣,草屯
食水坑溪,,,
食水嵙溪,食水嵙溪排水,臺中市,石岡區
食水嵙溪排水,,臺中市,石岡區、新社區
香茅坑,,南投縣,信義鄉
香菇溪,,臺中市,和平區
倉庫坑溪,,,
倉庫溪,,南投縣,信義鄉
倒孔山溪,,,
倒踏坑,,南投縣,竹山鎮
倒踏坑,,,
凍子腳溪,,嘉義縣,中埔鄉
員山溪,,宜蘭,
員林坑溪,,桃園市,龜山區
員潭子一圳,,新北市,萬里區
員潭子三圳,,新北市,萬里區
員潭坑,,新北市,新店區
員潭溪,,,
員寶庄圳支線,,"臺中縣,臺中市",
哮貓溪排水幹線,,南投縣,中寮
埒內排水,,雲林縣,虎尾鎮
埔心大埤,,桃園市,大園區
埔心溪,,,
埔心溪排水幹線,,桃園市,大園區
埔坑,,臺中市,太平區
埔尾幹線,,新竹縣,北埔鄉
埔坪溪,,,
埔羌崙排水幹線,,屏東縣,高樹鄉
埔羌溪,,屏東縣,高樹鄉
埔羌溪,,,
埔羌溪排水幹線,,屏東縣,高樹鄉
埔頂埤,,桃園市,觀音區
埔萎林坑,,彰化縣,社頭鄉
埔萎林坑,,南投縣,南投市
埔溝排水,,高雄市,路竹區
埔頭圳,,新北市,三芝區
埔頭坑溪,,新北市,三芝區
埔頭坑溪,,,
埔頭區排,,金門縣,烈嶼鄉
埔頭溪,,高雄市,桃源區
埔頭溪,,,
夏興區排,,金門縣,金湖鎮
宮前排水,,花蓮縣,玉里鎮
宵里溪,,臺南市,玉井區
射流溝排水,,苗栗縣,竹南鎮
射馬干排水,,臺東縣,臺東市
射寮港,,屏東縣,車城鄉
峨眉排水,,新竹縣,峨眉鄉
峨眉湖,大埔水庫,新竹縣,峨眉鄉
峨眉溪,,苗栗,
峨眉溪,,,
峨眉溪,,新竹縣,峨眉鄉
峨眉溪1號幹線,,新竹縣,峨眉鄉
峨眉溪2號幹線,,新竹縣,北埔鄉
峰綠溪,,苗栗縣,
崁下幹線,,新竹縣,芎林鄉
崁子腳坑排水,,臺中市,大肚區
崁頂坑溪,,雲林縣,古坑鄉
崁頂坑溪,,,
崁頂排水支線,,南投縣,草屯
崁頂溪,,臺東,
崁頂溪,,雲林縣,古坑鄉
崁腳圳,,新北市,淡水區
崁腳埤,,桃園市,大園區
崁腳溝排水,,臺中市,石岡區
崁頭溪,,屏東縣,枋寮鄉
崁頭溪,,新竹縣,湖口鄉
崁頭溪,,,
座駕排水,,臺南市,新市區
庫志溪,,桃園市,復興區
庫拉濃溪,,臺東縣,金峰鄉
徐厝排水幹線,,桃園市,蘆竹區
徐家池塘,,桃園市,平鎮區
效力坑溪,,,
朗島西溪,,臺東縣,蘭嶼鄉
朗島東溪,,臺東縣,蘭嶼鄉
柴坑,,彰化縣,員林市
柴梳山溪,,,
柴頭港溪,,臺南市,安南區
柴頭港溪,,,
柴頭港溪排水,,臺南市,
柴頭溪,,,
栗子崙排水,,嘉義縣,東石鄉
格仔坑溪,,臺南市,楠西區
桂安漁港,,新北市,貢寮區
桂竹林坑,,臺中市,東勢區
桂竹林河,,苗栗縣,獅潭鄉
桂林坑,,苗栗縣,卓蘭鎮
桃子腳排水路,,新北市,樹林區
桃子窩坑支線,,新竹縣,新埔鎮
桃山西溪,,臺中市,和平區
桃山溪,,臺中市,和平區
桃仔腳導水線,,嘉義縣,大林鎮
桃米坑排水幹線,,南投縣,埔里
桃米溪,,南投縣,魚池鄉
桃米溪,,,
桃源溪,,高雄市,桃源區
桑洞溪,,苗栗縣,西湖鄉
桔子溪排水,,臺南市,關廟區、新化區
泰山圳第二排水幹線,,屏東縣,高樹鄉
泰平溪,,新竹縣,尖石鄉
泰平溪,,桃園市,復興區
泰平溪,,新北市,雙溪區
泰平溪,,,
泰西圳,,苗栗縣,泰安鄉
泰林溪,,花蓮縣,玉里鎮
泰崗溪,,,
泰源南溪,,臺東縣,東河鄉
浦邊區排,,金門縣,金沙鎮
浮圳排水溝,,臺中市,東勢區
浮洲溪,,宜蘭縣,宜蘭市
浮洲溪,,,
海口上圳,,苗栗縣,後龍鎮
海口大排,,雲林縣,臺西鄉
海口支線,,雲林縣,臺西鄉
海口圳,,苗栗縣,西湖鄉
海口埤,,桃園市,大園區
海口排水,,苗栗縣,後龍鎮
海口港,,屏東縣,車城鄉
海山罟排水幹線,海水川溪,新竹市,香山區
海方厝排水幹線,,桃園市,大園區
海水川溪,,,
海汕小港,,高雄市,小港區
海老溪,,臺東縣,成功鎮
海尾排水,,高雄市,彌陀區
海尾溪,,新北市,淡水區
海尾寮排水,,臺南市,安南區
海岸漁港,,苗栗縣,苑裡鎮
海軍軍港,,高雄市,左營區
海埔中排,,臺南市,麻豆區
海埔排水,,臺南市,麻豆區、佳里區
海湖埤,,桃園市,大園區
海湖排水幹線,,桃園市,蘆竹區
海湖溝,,桃園市,蘆竹區
海豐1號排水路,,澎湖縣,七美鄉
海豐大排,,雲林縣,東勢鄉
海豐中排,,雲林縣,麥寮鄉
烏山農塘,,高雄市,田寮區
烏山頭水庫,珊瑚潭,臺南市,六甲區
烏山頭水庫主流,,臺南市,官田區
烏山頭水庫主流,,,
烏山頭溪,,新北市,八里區
烏牛欄溪,,,
烏仙崙溪,,高雄市,田寮區
烏仙崙溪,,臺南市,龍崎區
烏瓦拉鼻溪,,,
烏石坑溪上流,,臺中市,和平區
烏石漁港,,宜蘭縣,頭城鎮
烏石鼻漁港,,臺東縣,長濱鄉
烏來溪,,,
烏林排水,,高雄市,仁武區
烏眉溪排水,,苗栗縣,三義鄉
烏砂溪,,,
烏崁2號排水路,,澎湖縣,馬公市
烏鬼厝溪排水,,臺南市,新市區、新化區
烏乾坑溪,,南投縣,水里鄉
烏乾坑溪,,,
烏麻園中排,,雲林縣,口湖鄉
烏塗溪,,,
烏塗溪排水,,新北市,石碇區
烏溪,大肚溪,彰化縣,伸港鄉
烏溪,大肚溪,,
烏溪,,南投縣,草屯鎮
烏溪,,臺中市,霧峰區
烏溪,,,
烏萬溪,,,
烏漏排水,,花蓮縣,瑞穗鄉
烏爾托博哈溪,,臺東縣,卑南鄉
烏爾托博哈溪,,,
烏樹林排水,,臺南市,白河區、後壁區
烏龍排水幹線,,屏東縣,新園鄉
特富野溪,,,
珠子山圳,,南投縣,埔里鎮
珩厝區排,,金門縣,金湖鎮
班芝埔溪,油礦溪,高雄市,甲仙區
班芝埔溪,油礦溪,,
班芝埔溪(油礦溪),油礦溪,高雄市,甲仙區
留茂安溪,,宜蘭,
益則坑,,南投縣,水里鄉
益則坑排水幹線,,南投縣,水里
真柄溪,,臺東縣,長濱鄉
真柄溪,,,
破圳,,桃園市,大園區
破礑溪,,,
祖厝溝排水支線,,南投縣,草屯
神秘谷,,苗栗縣,頭屋鄉
粉鳥林漁港,,宜蘭縣,蘇澳鎮
純青湖,,桃園市,楊梅區
紙寮坑,,南投縣,埔里鎮
索那拉溪,,臺東縣,卑南鄉
索那拉溪,,,
翁子社溪,,臺中市,豐原區
翁子社溪,,,
能高大圳西幹線,,南投縣,埔里鎮
能高大圳東幹線,,南投縣,埔里鎮
能高清水溪,,,
臭水西溝,,花蓮縣,富里鄉
臭水東溝,,花蓮縣,富里鄉
臭水溝,,花蓮縣,富里鄉
茲那谷溪,,宜蘭縣,大同鄉
茶茶牙頓溪,,臺東縣,達仁鄉
茶茶牙頓溪,,,
茶壺溪,,,
茶寮埤,,桃園市,觀音區
茸坑排水支線,,南投縣,埔里
茸坑排水支線─1,,南投縣,埔里
茸坑溪,,,
草人坑,,臺南市,南化區
草人坑,,,
草山溪,,臺南市,左鎮區
草山溪,,高雄市,內門區
草山溪,,屏東縣,枋山鄉
草山溪,沙美箕溪,嘉義縣,大埔鄉
草山溪,沙美箕溪,,
草山溪,,,
草圣溝,,高雄市,田寮區
草地頭排水幹線,,新北市,深坑區
草厝溪,,臺中市,大安區
草厝溪,,,
草埤,,桃園市,觀音區
草湖中排,,雲林縣,崙背鄉
草湖排水支線,,彰化縣,伸港鄉
草湖溪,,,
草湳坡,,宜蘭縣,礁溪鄉
草溝排水,,高雄市,路竹區
草溪,,南投縣,草屯鎮
草寮坑,,臺中市,太平區
草潭埤灌溉排水路,,高雄市,楠梓區
草嶺溪,,桃園市,大溪區
草濫埤,,新北市,汐止區
草濫溪,,,
草蘭溪,,高雄市,那瑪夏區
草蘭溪,,,
荖土坑,,臺南市,楠西區
荖伙坑溪,,臺南市,楠西區
荖寮坑,,新北市,貢寮區
荖濃溪,,屏東縣,里港鄉
荖濃溪,,南投縣,信義鄉
蚊子坑,,新北市,貢寮區
蚊子坑漁港,,新北市,貢寮區
蚊港大排,,雲林縣,臺西鄉
蚋仔溪,,新北市,三峽區
蚋仔溪,,,
袁屋埤,,桃園市,中壢區
財子溪排水幹線,,南投縣,鹿谷
財主溪,,,
貢寮溪,,新北市,萬里區
起拉嚕溪,,花蓮縣,豐濱鄉
追分排水,,臺中市,大肚區
郝馬戛班溪,,南投縣,信義鄉
郡大北溪,,南投縣,信義鄉
郡大南溪,,南投縣,信義鄉
郡坑,,南投縣,水里鄉
酒槽坑,,臺南市,南化區
馬公厝大排,,雲林縣,臺西鄉、東勢鄉、褒忠鄉、土庫鎮
馬斗欄坑,,臺南市,"六甲區,官田區,大內區"
馬斗欄坑,,,
馬凹溪,,苗栗縣,泰安鄉
馬奴爾溪,,臺東縣,金峰鄉
馬亨亨排水,,臺東縣,臺東市
馬佛衛仔溪排水,,花蓮縣,光復鄉
馬利加南溪,,,
馬那漢溪,,臺東縣,東河鄉
馬里山溪,,高雄市,茂林區
馬里加宛溪,,,
馬里闊丸溪,玉峰溪,,
馬里蘭溪,,,
馬咕帶溪,,,
馬岸溪,,新北市,烏來區
馬拉濫溪,,,
馬武溪,,臺東縣,東河鄉
馬武窟溪,,臺東縣,東河鄉
馬哈武溪,,,
馬家溪,,臺東縣,長濱鄉
馬海僕溪,,,
馬海僕溪上流,,南投縣,仁愛鄉
馬崗港,,新北市,貢寮區
馬崙溪,,臺中市,和平區
馬戛次託溪,,花蓮縣,卓溪鄉
馬戛英溪,,,
馬當溪,,宜蘭縣,大同鄉
馬稠後大排,,臺南市,白河區
馬達吉,,,
馬達吉達溪,,臺東縣,東河鄉
馬鈴坑,,苗栗縣,卓蘭鎮
馬鳴排水次分線,,彰化縣,秀水鄉
馬槽溪,,臺北市,士林區
馬鄰坑,,南投縣,草屯鎮
馬鄰坑,,,
馬鞍溪,馬太鞍溪,花蓮縣,光復鄉
馬鞍溪,馬太鞍溪,,
馬霍拉斯溪,,花蓮縣,卓溪鄉
馬霍拉斯溪,,,
馬鰣溪,,臺中市,和平區
馬麟堀,,南投縣,埔里鎮
骨頭坑,,彰化縣,彰化市
高山溪,,臺中市,和平區
高水坑,,臺南市,南化區
高水坑,,,
高坡溪,,桃園市,復興區
高林排水,,雲林縣,古坑鄉
高屏溪,,屏東縣,九如鄉
高屏溪,,,
高厝溪,,,
高埔上圳,,苗栗縣,西湖鄉
高埔下圳,,苗栗縣,西湖鄉
高埔圳,,苗栗縣,西湖鄉
高埔排水,,苗栗縣,西湖鄉
高崗圳一線,,屏東縣,萬巒鄉
高崗圳二線,,屏東縣,萬巒鄉
高雄市第一號運河,,高雄市,前金區
高雄圳,,高雄市,三民區
高雄港,,高雄市,前鎮區
高雄港第一港口,,高雄市,鼓山區
高雄港第二港口,,高雄市,小港區
高雄農場排水,,"高雄縣,屏東縣",
高寮溪,,,
高貒溪,,桃園市,復興區
鬼仔坑,,臺南市,官田區
鬼仔坑,,苗栗縣,泰安鄉
鬼湖,,高雄市,桃源區
乾水坑,,嘉義縣,大埔鄉
乾坑,,苗栗縣,苑裡鎮
乾華溪,,,
乾溪,,南投縣,草屯鎮
乾溪,乾溝,南投縣,國姓鄉
乾溪,乾溝,,
乾溪,,屏東縣,牡丹鄉
乾溪,,臺東縣,長濱鄉
乾溪,,苗栗縣,苑裡鎮
乾溪,,,
乾溪仔,牛相觸西坑,南投縣,埔里鎮
乾溪仔,牛相觸西坑,,
乾溪排水,,臺中市,霧峰區
副瀨地區小排一,,嘉義縣,東石鄉
匏仔園溝,,高雄市,內門區
匏仔寮溪,後湖溪,嘉義縣,大埔鄉
匏仔寮溪,後湖溪,,
唭子坑,,臺南市,大內區
唭子坑溪,,,
唯金溪,,,
唯金溪,,高雄市,桃源區
啞口坑溪,,桃園市,龜山區
啞口坑溪,,新北市,新莊區
啞口坑溪,,,
國姓圳,,南投縣,國姓鄉
國姓排水幹線,,南投縣,國姓
國庫埤,,桃園市,觀音區
國強排水,,花蓮縣,花蓮市
埤子頭埤,,臺南市,關廟區
埤子頭排水路,,嘉義縣,新港鄉
埤日溪,,屏東縣,滿州鄉
埤仔溝,,高雄市,田寮區
埤仔溝,,臺南市,龍崎區
埤南溪,,宜蘭,
埤南溪,,宜蘭縣,大同鄉
埤麻大排,,雲林縣,斗南鎮、虎尾鎮
埤麻腳排水,,"嘉義縣,嘉義市",
埤寮埤,,臺南市,新營區
埤頭山圳,,臺中市,東勢區
埤頭排水,,臺南市,麻豆區
埤頭湖,,宜蘭縣,員山鄉
基隆河,,新北市,汐止區
基隆河,,基隆市,七堵區
基隆河,,,
基隆河廢河道,,臺北市,士林區
基隆港,,基隆市,中山區
基隆港(外港),,基隆市,中山區
基隆港(外港),正濱港,基隆市,中正區
將軍埤,,臺南市,白河區
將軍溪,,臺南市,北門區
將軍溪,,,
將軍溪上游分線,,臺南市,西港區
將軍溪上游線,,臺南市,佳里區
將軍溪排水,,臺南市,學甲區、將軍區、佳里區、北門區
將軍漁港,,臺南市,將軍區
屠宰埤,,桃園市,觀音區
崇蘭圳,,屏東縣,屏東市
崇蘭新圳,,屏東縣,九如鄉
崇蘭舊圳,,屏東縣,屏東市
崎尾溪,,嘉義縣,中埔鄉
崎頂里排水,,苗栗縣,竹南鎮
崎頂埤,,桃園市,大園區
崎腳排水,,南投縣,竹山鎮
崎腳溪,,嘉義縣竹崎鄉,
崑崙坑,,臺中市,和平區
崗子背大排,,雲林縣,崙背鄉
崗山溪,,高雄市,阿蓮區
崗山溪,,臺南市,歸仁區
崙子溪,,,
崙天溪,,臺東,
崙后埤,,桃園市,大園區
崙尾二排支線,,彰化縣,鹿港鎮
崙尾坑,,雲林縣,斗六市
崙尾坑,,,
崙尾第一排水幹線,,彰化縣,鹿港鎮
崙尾第二排水幹線,,彰化縣,鹿港鎮
崙背大排,,雲林縣,崙背鄉
崙頂埤,,桃園市,大園區
崠腳溪,,嘉義縣,中埔鄉
崩山坑溪排水支線,,新北市,五股區
崩山溪,,新北市,石碇區
崩山溪,,,
崩坡缺1號,,新竹縣,湖口鄉
崩坪坑,,高雄市,甲仙區
崩坪坑,,,
崩埤排水一,,臺南市,後壁區
崩埤排水二,,臺南市,後壁區
崩溝坑溪,,臺南市,新化區
康誥坑溪,,,
康樂排水,,臺東縣,臺東市
彩虹溪,,,
得谷坑,,南投縣,魚池鄉
得勝溝,,高雄市,旗山區
得勝溝,,屏東縣,里港鄉
得勝溝,,,
御史庄排水支線,,南投縣,草屯
御史坑溪,,新北市,五股區
情人湖,,基隆市,安樂區
掃叭圳第一支線,,花蓮縣,玉里鎮
掃叭圳第二支線,,花蓮縣,玉里鎮
掃叭圳第三支線,,花蓮縣,玉里鎮
掃叭圳第四支線,,花蓮縣,玉里鎮
掃別溪,,臺東縣,長濱鄉
排水道,,嘉義縣,大埔鄉
排竹坑溪,,臺東縣,東河鄉
排谷溪,,宜蘭縣,大同鄉
排骨溪,,宜蘭,
啟聰溝排水,,臺南市,新化區
救國救爾溪,,臺東縣,金峰鄉
旋塘溪,,宜蘭縣,南澳鄉
曹公新圳排水,,高雄市,仁武區、鳥松區
望海巷漁港,,基隆市,中正區
望嘉排水支線,,屏東縣,新埤鄉
桶後溪,,,
梁厝埤,,桃園市,大園區
梅川,,臺中市,北屯區、北區、西區
梅林溪,,雲林縣,斗六市
梅林溪,,雲林,
梅花湖(大埤),,宜蘭縣,冬山鄉
梅洲大排,,宜蘭縣,宜蘭市
梅洲中排二,,宜蘭縣,宜蘭市
梅堰堤坑,,南投縣,水里鄉
梆物坡圳,,高雄市,杉林區
梗枋溪,,宜蘭縣,頭城鎮
梗枋漁港,,宜蘭縣,頭城鎮
梧棲排水,,臺中市,梧棲區
梧棲漁港,,臺中市,清水區
梵梵溪,,宜蘭,
殺蛇溪,,屏東縣,屏東市
涵口圳,,高雄市,湖內區
涵口溪,,屏東縣,東港鎮
淡水河,,臺北市,士林區
淡水河,,,
淡水國內商港,,新北市,八里區
淡水第二漁港,,新北市,淡水區
淡水溪,,,
淡水溪支流,,屏東縣,萬丹鄉
淡坑,,苗栗縣,公館鄉
深水溪,,高雄市,燕巢區
深坑,,南投縣,水里鄉
深坑,,高雄市,美濃區
深坑,,臺南市,楠西區
深坑子溪,,,
深坑子溪,安保溪,臺南市,歸仁區
深坑子溪,安保溪,,
深坑溪,大溪,臺南市,關廟區
深坑溪,大溪,,
深埤,,桃園市,觀音區
深溝,,屏東縣,恆春鎮
深澳坑溪,,,
深澳坑溪排水,,"新北市,基隆市",
深澳漁港,,新北市,瑞芳區
淸水溪,,,
清水大排,,臺中市,清水區
清水坑,,臺中市,北屯區
清水坑,,南投縣,中寮鄉
清水坑溪,,臺中市,太平區
清水坑溪,,,
清水谷溪,,花蓮縣,萬榮鄉
清水谷溪,,,
清水排水,,高雄市,旗山區美濃區
清水港,,屏東縣,九如鄉
清水港,,,
清水港大排,,雲林縣,虎尾鎮、西螺鎮、莿桐鄉
清水溝,,南投縣,鹿谷鄉
清水溝溪,,南投縣,鹿谷鄉
清水溝溪,,,
清水溪,,嘉義縣竹崎鄉、番路鄉,
清水溪,,臺東,
清水溪,,花蓮,
清水溪,布唐薩諾阿爾溪,,
清水溪,,新北市,金山區
清水溪,,宜蘭,
清水溪,,屏東縣,屏東市
清水溪,,雲林縣,古坑鄉
清水溪,布唐薩諾阿爾溪,高雄市,桃源區
清水溪,,,
清昌溪,,花蓮縣,秀林鄉
清昌溪,,,
清流溪,,花蓮縣,秀林鄉
清流溪,,,
清華圳,,屏東縣,萬巒鄉
清華圳一線,,屏東縣,萬巒鄉
清華圳二線,,屏東縣,萬巒鄉
清華圳三線,,屏東縣,潮州鎮
清德坑,,南投縣,國姓鄉
爽文坑,,苗栗縣,卓蘭鎮
牽牛坑排水溝,,南投縣,國姓鄉
牽牛路坑,,臺中市,太平區
犁頭山溪,,新竹縣,竹北市
犁頭坑,,高雄市,甲仙區
猪母溝大排,,雲林縣,古坑、斗六、斗南
率芒溪,,,
瓠瓢坑,,南投縣,水里鄉
瓠瓢坑排水幹線,,南投縣,水里
盛興坑,,南投縣,國姓鄉
笨箕湖(桃園大圳第十,,桃園市,新屋區
第一號觀音埤,,臺南市,柳營區
第二號排水支線,,屏東縣,林邊鄉
第二號觀音埤,,臺南市,柳營區
第三號觀音埤,,臺南市,柳營區
第四號觀音埤,,臺南市,柳營區
粗坑,,高雄市,杉林區
粗坑,,南投縣,中寮鄉
粗坑,,臺中市,太平區
粗坑,,苗栗縣,獅潭鄉
粗坑,,,
粗坑溪,,宜蘭,
粗坑溪,,南投縣,中寮鄉
粗坑溪,,新竹縣,橫山鄉
粗坑溪,,,
粗紙坑溪,,嘉義縣,"竹崎鄉,梅山鄉"
粗溝,,花蓮縣,富里鄉
船仔頭溪,,宜蘭縣,員山鄉
船形坑,,臺中市,東勢區
船底窩溪,,苗栗縣,西湖鄉
荳子埔排水,,新竹縣,芎林鄉
荷苞嶼排水,,嘉義縣,東石鄉、朴子市、鹿草鄉
莊內圳,,屏東縣,車城鄉
莫很溪,,宜蘭,
莫很溪,,宜蘭縣,大同鄉
蚯蚓坑,,新北市,石碇區
蚵仔寮漁港,,高雄市,梓官區
蚵壳坑溪,蚵殼坑溪,,
蚵殼港,,桃園市,新屋區
蚵殼港,,新竹縣,新豐鄉
蚵間一號直排入海二號,,桃園市,新屋區
蚵寮排水支線,,彰化縣,伸港鄉
蚶子寮大排一,,雲林縣,口湖鄉
袖子坑溝,,苗栗縣,頭屋鄉
許大湖溝,,高雄市,內門區
許秀才排水,,臺南市,東山區
許厝公埤,,桃園市,中壢區
許家3號排水路,,澎湖縣,湖西鄉
許縣溪,,,
軟埤仔溪排水,,臺中市,豐原區、神岡區
軟埤坑,,臺中市,東勢區
軟埤坑溪,軟埤坑,臺中市,東勢區
通地溝排水,,高雄市,湖內區
通霄溪,,,
通霄漁港,,苗栗縣,通霄鎮
通灣大排,,苗栗縣,通霄鎮
造橋排水,,苗栗縣,造橋鄉
造橋溪,,苗栗縣,造橋鄉
連城溪排水幹線,,桃園市,八德區
部子溪,廍子溪,臺中市,"北屯區,太平區"
都老老恩溪,,臺東縣,金峰鄉
都老老恩溪,,,
都威三號圳,,臺東縣,成功鎮
都威溪,,,
都歷溪,,臺東縣,成功鎮
都歷溪,,,
都蘭溪,,,
野柳漁港,,新北市,萬里區
野銀溪,,臺東縣,蘭嶼鄉
陰溝支線排水,,苗栗縣,卓蘭鎮
陰溝圳,,苗栗縣,卓蘭鎮
陳井寮排水,,嘉義縣,大林鎮
陳有蘭溪,,,
陳屋公埤,,桃園市,中壢區
陳厝支線,,臺中市,清水區
陳厝坑溪,,新北市,三芝區
陳厝溪,,,
陳寶坑溪,,高雄市,杉林區
陳寶坑溪,,,
陶塞溪,,花蓮縣,秀林鄉
陶塞溪,,,
陷後坑排水,,高雄市,路竹區
陸安排水,,臺東縣,池上鄉
陸軍路排水支線,,南投縣,草屯鎮
雪山坑溪,,,
雪山坑溪上流,,臺中市,和平區
雪山溪,,,
雪見溪,,,
雪霧鬧溪,,桃園市,復興區
頂庄排水支線,,彰化縣,線西鄉
頂南圳,,新竹市,東區
頂厝灣,,高雄市,林園區
頂埔下區排,,金門縣,金寧鄉
頂海口排水,,臺中市,清水區
頂粗坑溪,,,
頂粗坑溪,,宜蘭,
頂港中排一,,臺南市,下營區
頂寮大排,,雲林縣,北港鎮、元長鄉、土庫鎮
頂寮中排一,,臺南市,將軍區、七股區
頂寮中排五,,臺南市,將軍區、七股區
頂寮排水幹線,,新竹市,香山區
頂寮溪,,,
魚池溝排水幹線,,屏東縣,崁頂鄉、潮州鎮
魚池溪,,南投縣,魚池鄉
魚池溪排水幹線,,南投縣,魚池鄉
魚池溪排水幹線─1,水井湖溪,南投縣,魚池鄉
魚池溪排水幹線─2,,南投縣,魚池鄉
魚管處分線,,桃園市,蘆竹區桃園區
魚寮中排三排水路,,嘉義縣,六腳鄉
鳥仔坑,,高雄市,杉林區
鳥松坑,,彰化縣,花壇鄉
鳥巢坑,,南投縣,竹山鎮
鳥嘴潭,,南投縣,草屯鎮
鳥嘴潭排水幹線,,南投縣,草屯
鳥嘴潭排水幹線─1,,南投縣,草屯
鳥嘴潭排水幹線─1─1,,南投縣,草屯
鳥嘴潭排水幹線─1─2,,南投縣,草屯
鹿皮溪,,宜蘭縣,南澳鄉
鹿耳門排水,,臺南市,安南區
鹿耳門溪,,,
鹿耳門溪舊道,,臺南市,安南區
鹿角坑溪,,臺北市,北投區
鹿角坑溪,,新北市,金山區
鹿角坑溪,,,
鹿角溪,,新北市,樹林區
鹿草排水,,嘉義縣,鹿草鄉
鹿草排水路,,嘉義縣,鹿草鄉
鹿野溪,,臺東,
鹿野溪,,,
鹿場溪,,苗栗縣,南庄鄉
鹿場溪,,,
鹿渡坑,,臺中市,太平區
鹿港溪,,,
鹿湖溪,,苗栗縣,南庄鄉
鹿湖溪,,,
鹿嗚坑,,新竹縣,新埔鎮
鹿鳴坑幹線,,新竹縣,新埔鎮
鹿鳴坑溪,,,
鹿鳴溪,,,
鹿寮大排,,雲林縣,元長鄉
鹿寮水庫,,嘉義縣,水上鄉
鹿寮水庫,,臺南市,白河區
鹿寮仔坑,,嘉義縣,大埔鄉
鹿寮北溪,,臺中市,沙鹿區
鹿寮坑,,南投縣,水里鄉
鹿寮坑,,新竹縣,芎林鄉
鹿寮坑,,,
鹿寮坑幹線,,新竹縣,芎林鄉
鹿寮坑溪,,,
鹿寮南溪,,臺中市,沙鹿區
鹿寮排水,,臺中市,清水區
鹿寮排水,,嘉義市,
鹿寮溪,,屏東縣,滿州鄉
鹿寮溪,友蚋溪,,
鹿寮溪,,,
鹿廚坑溝,,苗栗縣,頭份市
麥巴來溪,,新竹縣,五峰鄉
麥巴來溪,,,
麥津大排,,雲林縣,麥寮鄉
麥寮工業區專區港,,雲林縣,麥寮鄉
麻必浩溪,,苗栗縣,泰安鄉
麻必浩溪,,,
麻汝排水,,花蓮縣,玉里鎮
麻竹坑,,臺中市,東勢區
麻竹坑溪,,南投縣,中寮鄉
麻利都邵溪,,,
麻利霧溪,,臺東縣,金峰鄉
麻利霧溪,,,
麻豆排水,,臺南市,下營區、麻豆區、佳里區
麻里都部溪,,臺東縣,金峰鄉
麻油埤,,桃園市,大園區
麻剪溝排水分線,,彰化縣,鹿港鎮福興鄉
麻魚寮溪排水,,"嘉義縣,嘉義市",
麻園幹線,,新竹縣,竹東鎮
麻園溪,,嘉義縣,大林鎮
麻園溪,,臺中市,南屯區
麻園溪,,新北市,三峽區
麻園溪太原路截水道,,臺中市,北區
麻園溪同平巷截水道,,臺中市,北屯區
麻園頭溪,,臺中市,南屯區
麻漏溪,,花蓮縣,萬榮鄉
麻漏溪,,,
博博猶溪,,嘉義縣,阿里山鄉
博博猶溪,,,
喀特博拉溪,,臺東縣,卑南鄉
喀特博拉溪,,,
喀塔朗溪,,,
喜樹五號排放渠,,臺南市,南區
喬國拉次溪,,屏東縣,霧臺鄉
喬國拉次溪,,,
堤那巴蘭溪,,臺東縣,金峰鄉
堤防,,,
堪姆卒溪,,,
堰宰坑,,新北市,貢寮區
富世排水,,花蓮縣,秀林鄉
富林溪,,,
富家溪,,,
富基漁港,,新北市,石門區
富源溪,,桃園市,新屋區
富源溪,馬蘭鉤溪,花蓮縣,瑞穗鄉
富源溪,馬蘭鉤溪,,
富源溪,,,
富溪,,臺東,
富德溪,,新北市石門區,
富興排水,,新竹縣,峨眉鄉
富興排水,,花蓮縣,瑞穗鄉
富興溪,,臺東縣,池上鄉
富興溪,,,
寓埔排水幹線,,彰化縣,線西鄉
尋腰溪,,,
彭仔存溪,,臺東縣,長濱鄉
彭厝溪,,屏東縣,鹽埔鄉
復興排水,,花蓮縣,瑞穗鄉
復興排水支線,,南投縣,草屯
惠來厝大排,,雲林縣,虎尾鎮、莿桐鄉
惠來溪,,臺中市,西屯區
惡浪坑溪,,南投縣,水里鄉
惡浪坑溪,,,
援中港,,高雄市,楠梓區
援中港中排,,高雄市,梓官區
援中港第一支線,,高雄市,橋頭區
斯瓦達阿溪,,花蓮縣,豐濱鄉
斯其野溪,,新北市,烏來區
普亞女溪,,,
普亞汝溪,,嘉義縣,阿里山鄉
普濟溪,,臺中市,西屯區
景山溪,,苗栗,
景美溪,,新北市,新店區
景美溪,,,
智腦灌溉水道,,宜蘭縣,大同鄉
智慧溪,,,
曾文水庫,,嘉義縣,大埔鄉
曾文溪,,嘉義縣,大埔鄉
曾文溪,,高雄市,那瑪夏區
曾文溪,,,
曾文溪上游,,嘉義縣,阿里山鄉
曾文溪排水,,臺南市,
朝庸溪,,,
棋盤厝大排,,雲林縣,虎尾鎮
森本排水,,花蓮縣,壽豐鄉
渡子頭溪,,臺南市,善化區
渡子頭溪排水,,臺南市,官田區
温泉溪,,,
港口埤圳,,宜蘭縣,頭城鎮
港口埤排水幹線,,屏東縣,佳冬鄉
港口溪,,,
港子1號排水,,澎湖縣,白沙鄉
港子2號排水,,澎湖縣,白沙鄉
港子埔排水,,高雄市,林園區
港子埔排水幹線,,高雄市,林園區
港子溪,,,
港子墘溪,,,
港子頭排水,,臺南市,六甲區
港仔溪,,,
港北金城橋幹線,,新竹市,香山區
港北排水幹線,,新竹市,香山區、北區
港尾大排,,雲林縣,崙背鄉
港尾子溪,,臺中市,西屯區
港尾子溪排水,,"臺中縣,臺中市",
港尾溝溪,,,
港尾溝溪排水,,臺南市,關廟區、歸仁區、仁德區
港東溪,,屏東縣,東港鎮
港南排水幹線,,新竹市,香山區、北區
港墘排水,,嘉義縣,東石鄉
港嘴灣,,,
港澳溪,,宜蘭縣,頭城鎮
湖下區排,,金門縣,金寧鄉
湖子內排水,在來排水,"嘉義縣,嘉義市",
湖子厝圳,,南投縣,竹山鎮
湖山排水,,臺南市,官田區
湖內排水,,高雄市,湖內區
湖仔溪排水,,花蓮縣,富里鄉
湖西1號排水,,澎湖縣,湖西鄉
湖尾區排,,金門縣,金寧鄉
湖肚一圳,,新竹縣,關西鎮
湖肚二圳,,新竹縣,關西鎮
湖底大排,,雲林縣,林內鄉、斗六市
湖底坑,,嘉義縣,水上鄉
湖底埤,,桃園市,大園區
湖底排水,,高雄市,大樹區、鳥松區
湖底溝排水支線,,南投縣,草屯
湖桶坑,,宜蘭縣,冬山鄉
湖頭中排一,,雲林縣,褒忠鄉
湧水溪,,臺東縣,東河鄉
湯圍中一排,,宜蘭縣,礁溪鄉
湯圍溪,,宜蘭縣,礁溪鄉
湳子中排一,,雲林縣,二崙鄉
湳子溝溪,,桃園市,大溪區
湳仔大排,,雲林縣,二崙鄉
湳仔大排（虎尾區）,,雲林縣,土庫鎮、虎尾鎮
湳仔坑,,苗栗縣,苑裡鎮
湳仔溝,,,
湳仔溝溪,,桃園市,大溪區
湳坑溪,寶1-2排水,新竹縣,寶山鄉
無水溪,,屏東縣,滿州鄉
無水溪,,,
無名溪,,宜蘭縣,南澳鄉
無名溪,,臺南市,新化區
無名溪,,,
無尾溝排水支線,,南投縣,草屯
無尾溪排水,,花蓮縣,玉里鎮
焿寮坑溪,,,
猴山坑,,臺北市,文山區
猴洞坑,,南投縣,中寮鄉
猴洞坑溪,,宜蘭縣,頭城鎮
猴猴坑,,宜蘭縣,蘇澳鎮
猴龍溪,,南投縣,魚池鄉
猴櫥底坑,,嘉義縣,大埔鄉
番子田圳,,彰化縣,芬園鄉
番子田埤,,臺南市,官田區
番子田排水,,臺南市,官田區
番子坑,,臺南市,南化區
番子坑,,,
番子崙排水幹線,,屏東縣,枋寮鄉
番子溝排水幹線,,桃園市,蘆竹區
番子窩坑,,桃園市,龍潭區
番子窩排水幹線,,桃園市,桃園區、龜山區
番子寮圳幹線,,南投縣,鹿谷鄉
番子寮排水支線,,南投縣,名間
番子寮排水支線─1,,南投縣,名間
番子寮溪,,南投縣,南投市
番子鹽溪,,高雄市,內門區
番仔坑,,彰化縣,社頭鄉
番仔坑,,南投縣,南投市
番仔城坑,,臺中市,北屯區
番仔埤溝支線,番仔埤溪,臺中市,新社區
番仔崙埤,,臺中市,大里區
番仔溝,,臺中市,東區
番仔溝排水,,高雄市,橋頭區
番仔溪,,桃園市,大園區
番仔寮埤,,臺中市,大里區
番仔寮溪,,苗栗縣,通霄鎮
番仔寮溪,,,
番仔寮溪排水幹線,,屏東縣,屏東市、長治鄉、九如鄉
番尾坑,,雲林縣,古坑鄉
番尾坑,,嘉義縣,梅山鄉
番波夾坑,,,
番社坑溪,,宜蘭縣,三星鄉
番社坑溪,,,
番社溪,,,
番社溪,,臺南市,龍崎區
番厝坑,,臺南市,大內區
番埤圳,,臺中市,東勢區
番婆坑,,新竹縣,北埔鄉
番婆夾坑,,南投縣,竹山鎮
番婆寮坑,,彰化縣,花壇鄉
番雅溝排水幹線,,彰化縣,鹿港鎮、線西鄉、和美鎮、彰化市
番寮溪,,臺中市,太平區
番欄坑,,,
登仙溪,,臺中市,和平區
登仙溪,,,
發祥溪,,南投縣,仁愛鄉
發祥溪,,,
發電所坑,,臺南市,東山區
硫磺排水幹線,,屏東縣,萬巒鄉
硫礦坑,,苗栗縣,銅鑼鄉
程海厝大排,,雲林縣,臺西鄉
稍來坪坑,,臺中市,和平區
稍來溪,,臺中市,和平區
筆石,,,
筆秀排水,,高雄市,橋頭區、燕巢區
筏子溪,,,
統領埤,,臺南市,下營區
統嶺坑,,高雄市,大樹區
統嶺坑溪,,,
莿仔埔坑排水,,臺中市,潭子區、北屯區
莿桐中排,,雲林縣,莿桐鄉
莿桐腳埤圳,,屏東縣,枋山鄉
菁埔埤,,臺南市,六甲區
菁埔埤排水,,臺南市,六甲區、下營區
菁斛坑,,宜蘭縣,頭城鎮
菁寮排水,,臺南市,後壁區
菁礐溪,,臺北市,士林區
菁礜溪,,,
菜公坑圳,,新北市,三芝區
菜公坑溪,,,
菜公埤,,高雄市,左營區
菜園溪支線,,臺中市,東勢區
菜園溪圳,,臺中市,東勢區
菜寮溝排水,,高雄市,岡山區
菜寮溪,,,
華泰大魚池,,南投縣,集集鎮
華綠溪,,花蓮縣,秀林鄉
華興溪,到孔山溪,嘉義縣,溪口鄉
華興溪,到孔山溪,雲林縣,大埤鄉
華興溪,到孔山溪,,
蛟龍溪,,嘉義縣阿里山鄉,
街口溪幹線,,桃園市,大溪區
街子尾溪排水幹線,,南投縣,竹山
街子尾溪排水幹線─1,,南投縣,竹山
街子尾溪排水幹線─2,,南投縣,竹山
街子尾溪排水幹線─2─1,,南投縣,竹山
街子尾溪排水幹線─2─2,,南投縣,竹山
街子尾溪排水幹線─3,,南投縣,竹山
街尾圳,,南投縣,竹山鎮
街尾崙排水,,高雄市,岡山區
詔安厝排水支線,,彰化縣,和美鎮
象鼻坑,,臺中市,霧峰區
象鼻坑,,,
貴子坑溪,貴仔坑溪,臺北市,北投區
貴子坑溪排水,,新北市,泰山區
貴水二溪,,臺北市,北投區
貴仔坑溪,,新北市,泰山區
貴舍排水,,嘉義縣,布袋鎮、朴子市、鹿草鄉
跌死人坑,,宜蘭縣,大同鄉
跌馬坑,,南投縣,國姓鄉
逮魚堀溪,,新北市,坪林區
逮魚堀溪,,,
逸久溪,,宜蘭縣,大同鄉
鄉長溪,,新北市,汐止區
鄉長溪,,,
開元港,,臺東縣,蘭嶼鄉
陽明山排水,,臺中市,神岡區
陽明湖,,臺北市,北投區
隆隆溪,,新北市,貢寮區
集集大圳排水幹線(中溝),,南投縣,集集
集集清水溝排水幹線,,南投縣,集集
集會所溪,雷火溪,臺中市,大甲區
集會所溪,雷火溪,,
雲林溪上游,,雲林縣,斗六市
須美基溪,,花蓮縣,秀林鄉
須美基溪排水,,花蓮縣,新城鄉
飲水坑,,臺中市,太平區
飲水溪排水支線,,屏東縣,高樹鄉
馮屋大埤,,桃園市,龍潭區
黃肉坑,,南投縣,仁愛鄉
黃肉溪,,南投縣,仁愛鄉
黃狗坑溪,,高雄市,那瑪夏區
黃埔湖,,高雄市,鳳山區
黃高溪,,,
黃麻溪,,花蓮縣,卓溪鄉
黃墘溪,,桃園市,蘆竹區
黃墘溪分線,,桃園市,蘆竹區中壢區
黃鳳鳴圳,,宜蘭縣,三星鄉
黃德坑溪,,雲林縣,古坑鄉
黃德坑溪,,雲林縣新庄村,
黃德記排水,,宜蘭縣,礁溪鄉
黑瓦窯排水,,高雄市,大樹區
黑石坑,,南投縣,水里鄉
黑石壁圳,,苗栗縣,獅潭鄉
黑肉肚腳溪,,嘉義縣,阿里山鄉
黑東溝,,臺南市,龍崎區
僅那鹿角溪,,臺東縣,長濱鄉
勤和溪,,,
嗅水溪,,花蓮縣,富里鄉
園塘,,桃園市,中壢區
圓埔溝,,高雄市,田寮區
塔乃庫溪,,嘉義縣,阿里山鄉
塔乃庫溪,,,
塔古夫庫拉溪,,,
塔古夫庫拉溪,,高雄市,桃源區
塔瓦溪,,屏東縣,牡丹鄉
塔瓦溪,,,
塔克金溪,,,
塔洛木溪,,花蓮縣,卓溪鄉
塔洛木溪,,,
塔流溪,,臺南市,左鎮區
塔曼溪,,桃園市,復興區
塔曼溪,,,
塔達芬溪,,花蓮縣,卓溪鄉
塔達芬溪,,新北市新莊區,
塔寮坑溪,,,
塔寮坑溪排水,,"新北市,桃園縣",
塔寮溪,,桃園市,龜山區
塔寮溪,,新北市,新莊區
塔寮溪後港支線,,新北市,新莊區
塔蓮溝支線,,臺中市,大雅區
塔羅留溪,,,
塔羅留溪,,高雄市,桃源區
塔羅塔羅曾北溪,,高雄市,那瑪夏區
塔羅塔羅曾北溪,,,
塔羅塔羅曾南溪,,高雄市,那瑪夏區
塔羅塔羅曾南溪,,,
塔羅灣溪,,南投縣仁愛鄉,
塔羅灣溪,,,
塩土坑溪,,,
塭子川,,新北市,五股區
塭子川,,,
塭子排水,,嘉義縣,東石鄉
塭子第一號排水幹線,,屏東縣,佳冬鄉
塭子第二號排水幹線,,屏東縣,佳冬鄉
塭底中排一,,雲林縣,水林鄉、口湖鄉
塭底中排二,,雲林縣,水林鄉、口湖鄉
塭堀溝排水,,苗栗縣,後龍鎮
塭港型厝船澳,,嘉義縣,東石鄉
塭港排水,,嘉義縣,東石鄉
媽助圳排水支線,,南投縣,草屯
愛河,,,
愛河排水,,高雄市,仁武區、左營區、鼓山區、前金區、鹽埕區
新山水庫,,基隆市,安樂區
新山寮排水,,雲林縣,臺西鄉
新市排水,,臺南市,新市區
新打坑,,新竹縣,新埔鎮
新田圳,,臺中市,東勢區
新田寮排水,,臺南市,學甲區
新光圳排水支線,,南投縣,草屯
新吉中排,,雲林縣,麥寮鄉
新吉排水,,臺南市,安定區
新圳,,臺中市,新社區
新圳尾排水支線,,南投縣,草屯
新安溪,,,
新庄子大排,,雲林縣,二崙鄉
新庄子排水,,雲林縣,虎尾鎮
新庄子幹線,,新竹縣,橫山鄉
新庄圳,,屏東縣,內埔鄉
新庄圳排水支線,,南投縣,草屯
新庄排水幹線,,屏東縣,內埔鄉
新庄排水路,,嘉義縣,布袋鎮、義竹鄉
新竹漁港,,新竹市,北區
新坡下塘埤,,桃園市,觀音區
新店排水,,嘉義縣,義竹鄉
新店溪,,臺北市,萬華區
新店溪,,,
新店溪第二號排水溝,,臺北市,萬華區
新武呂溪,,花蓮縣,卓溪鄉
新武呂溪,,,
新社坑,,嘉義縣,竹崎鄉
新社排水,,花蓮縣,豐濱鄉
新虎尾溪,,,
新城圳,,新竹縣,橫山鄉
新城東溪,,宜蘭縣,南澳鄉
新城第二排水,,花蓮縣,新城鄉
新城第三排水,,花蓮縣,新城鄉
新城第四排水,,花蓮縣,新城鄉
新城溪,,,
新屋溪,,,
新厝埤,,桃園市,觀音區
新埔土地公埔一圳,,新竹縣,新埔鎮
新埔溪排水,,苗栗縣,通霄鎮
新班鳩溪,,臺東縣,卑南鄉
新班鳩溪,,,
新埤,,臺南市,官田區
新埤,,嘉義縣,大林鎮
新埤,,桃園市,中壢區
新埤圳排水,,苗栗縣,銅鑼鄉
新埤排水,,嘉義縣,六腳鄉、太保市
新埤排水幹線,,屏東縣,新埤鄉、林邊鄉
新莊子溪,,桃園市,蘆竹區
新莊小溪,,高雄市,杉林區
新莊溪,,花蓮縣,豐濱鄉
新莊溪,,,
新都驕溪,,屏東縣,獅子鄉
新港大排一,,雲林縣,口湖鄉
新港大排二,,雲林縣,口湖鄉
新港北溪,,臺東縣,成功鎮
新港北溪,,,
新港南溪,,臺東縣,成功鎮
新港南溪,,,
新港溪,,臺東縣,成功鎮
新港溪,,,
新港溪排水,,苗栗縣,竹南鎮
新港漁港,,高雄市,永安區
新港漁港,,臺東縣,成功鎮
新湖大排,,雲林縣,褒忠鄉
新街大排,,雲林縣,水林鄉、北港鎮
新街埤幹線,,屏東縣,車城鄉
新街排水,,南投縣,名間鄉
新街排水分線,,南投縣,名間
新街排水支線,,南投縣,名間
新街排水支線─1,,南投縣,名間
新街排水幹線,,屏東縣,車城鄉
新街排水溝,,屏東縣,車城鄉
新街溪,,桃園市,大園區
新街溪,,,
新街溪排水幹線,,桃園市,大園區、中壢區、平鎮區
新開溪,,屏東縣,枋寮鄉
新開溪,,,
新隆河,老雞隆河,苗栗縣,銅鑼鄉
新隆河,老雞隆河,,
新隆河,,,
新園排水幹線,,屏東縣,新園鄉
新園溪,,臺東縣,卑南鄉
新園溪,,,
新塭排水,,嘉義縣,布袋鎮
新路溪,,屏東縣獅子鄉,
新路溪,塔加寮溪,屏東縣,獅子鄉
新路溪,塔加寮溪,,
新福圳,頭寮大池,桃園市,大溪區
新福州圳十一號池,,桃園市,大溪區
新寮坑支線,,新北市,泰山區
新寮溪,,宜蘭縣,
新寮溪,,新北市,平溪區
新寮溪,,臺南市,楠西區
新寮溪,,,
新橋溪,,臺東縣,東河鄉
新興大排,,雲林縣,斗六市
新興中排一,,雲林縣,東勢鄉
新興坑排水,,彰化縣,芬園鄉
新興排水,,花蓮縣,富里鄉
新豐排水支線,,屏東縣,高樹鄉
新豐溪,,,
新豐溪北勢支線,,新竹縣,新豐鄉
新豐溪波羅汶支線,,新竹縣,新豐鄉
新豐溪德盛支線,,新竹縣,湖口鄉
暗坑,,臺南市,官田區
暗坑,,,
暗港大排,,雲林縣,古坑鄉
暗潭埤,,苗栗縣,造橋鄉
會社埤,,桃園市,觀音區
會埔大圳,,嘉義縣,番路鄉
椰油南溪,,臺東縣,蘭嶼鄉
椰油溪,,臺東縣,蘭嶼鄉
椿谷溪,,,
楊岸溪,,南投縣,仁愛鄉
楊岸溪,,,
楊厝區排,,金門縣,烈嶼鄉
楓林溪,,,
楓港溪,,臺東縣,達仁鄉
楓港溪,,,
楓溪,,,
楓廚坑排水,,苗栗縣,西湖鄉
楓樹坑,,桃園市,龜山區
楓樹坑溪,,,
楓樹湖南溪,,雲林縣,斗六市
楓樹湖南溪,,,
楓樹溪,,苗栗縣,通霄鎮
楓樹溪排水,,苗栗縣,通霄鎮
楓樹溪排水幹線,,桃園市,龜山區
楓樹腳溪,,臺中市,南屯區
楓樹腳溪支線,,臺中市,南屯區
楓樹潭圳,,臺中市,東勢區
楠坑溝,,臺南市,龍崎區
楠梓仙溪,,高雄市,旗山區
楠梓仙溪,,嘉義縣,阿里山鄉
楠梓坑溪,,,
楠梓排水,,高雄市,橋頭區
楠梓溪,,高雄市,楠梓區
楠溪,,宜蘭縣,南澳鄉
楣子寮溪,,新北市,新店區
源城溪,無尾溪,花蓮縣,玉里鎮
源城溪,無尾溪,,
溝仔墘排水幹線,,屏東縣,竹田鄉
溝貝幹線,,新竹縣,竹北市
溝坪溪,,高雄市,內門區
溪口厝排水支線,,彰化縣,伸港鄉
溪口排水路,,嘉義縣,新港鄉、溪口鄉
溪子崙大排,,雲林縣,四湖鄉
溪心埧排水,,臺中市,霧峰區
溪心寮排水,,臺南市,安南區
溪仔口溪,,屏東縣,滿州鄉
溪仔口溪,,,
溪仔圳大排,,雲林縣,古坑鄉
溪仔埤,,桃園市,大園區
溪州埤排水幹線,,南投縣,草屯
溪州埤排水幹線─1,,南投縣,草屯
溪州埤排水幹線─2,,南投縣,草屯
溪州溝排水,,南投縣,草屯鎮
溪州溪,,屏東縣,東港鎮
溪州溪,,,
溪州溪排水幹線,,屏東縣,東港鎮、南州鄉、崁頂鄉、新埤鄉、潮州鎮
溪尾排水,,臺南市,善化區、麻豆區
溪尾寮排水,,臺中市,烏日區
溪底溝,,宜蘭縣,頭城鎮
溪底溝排水,,臺中市,太平區
溪東排水,,新北市,三峽區
溪南寮排水,,臺南市,西港區、安南區
溪洲圳,,桃園市,大溪區
溪洲排水,,高雄市,旗山區
溪洲溪,,臺中市,大安區
溪埔子中排,,雲林縣,虎尾鎮
溪埔子排水幹線,前溪大排水,新竹市,東區、北區
溪墘排水,,嘉義縣,布袋鎮、義竹鄉
溪頭下埤,,彰化縣,芬園鄉
溪邊寮圳,,嘉義縣,大林鎮
溫子圳排水,,新北市,五股區
溫水坑溪,,南投縣,竹山鎮
溫仔排水支線,,彰化縣,線西鄉
溫泉溪,,高雄市,茂林區
溫泉溪,,,
溫厝溪,,臺南市,
溫雅寮排水,,臺中市,清水區
溫寮溪,,,
煌秀坑,,南投縣,國姓鄉
煙寮坑,,南投縣,埔里鎮
照平坑,,宜蘭縣,冬山鄉
照安坑排水,,宜蘭縣,冬山鄉
照安坑溪,,,
照東坑,,嘉義縣,大埔鄉
照東坑,,臺南市,楠西區
照鏡埤,,桃園市,大園區
爺巴堪溪,,新竹縣,五峰鄉
爺巴堪溪,,,
獅子頭溪,獅頭溪,嘉義,
獅子頭溪,,屏東縣,獅子鄉
獅尾堀排水幹線,,南投縣,竹山
獅尾堀排水幹線─2,,南投縣,竹山
獅潭川,,苗栗縣,獅潭鄉
獅頭坑,,彰化縣,二水鄉
獅頭排水支線,,屏東縣,新埤鄉
獅龍溝,,高雄市,仁武區
獅龍溪,,高雄市,仁武區
獅龍溪排水,,高雄市,仁武區
瑞北坑排水,,花蓮縣,瑞穗鄉
瑞北坑溪,,瑞穗鄉,
瑞岩溪,,南投縣,仁愛鄉
瑞岩溪,,,
瑞祥排水,,花蓮縣,瑞穗鄉
瑞樹坑溪,,新北市,林口區
瑞樹坑溪,,,
瑞豐排水,,臺東縣,鹿野鄉
矮山坑,,臺中市,新社區
矮山坑,,,
矮山坑溪,,,
萬丈坑溪,,,
萬丈深坑,,屏東縣,滿州鄉
萬大水庫,碧湖,南投縣,仁愛鄉
萬大北溪,,南投縣,仁愛鄉
萬大南溪,,南投縣,仁愛鄉
萬大溪,,南投縣仁愛鄉,
萬大溪,,,
萬丹排水支線,,南投縣,名間
萬丹排水幹線,,屏東縣,屏東市、萬丹鄉
萬斗六坑,,臺中市,霧峰區
萬安溪,,屏東,
萬安溪,,,
萬年溪,,屏東縣,屏東市
萬年溪,,臺東縣,成功鎮
萬年溪,,,
萬年溪排水,,臺東縣,成功鎮
萬里溪,,花蓮,
萬里溪,萬里橋溪,花蓮縣,萬榮鄉
萬里溪,萬里橋溪,,
萬里溪,,,
萬里磺溪,,新北市,萬里區
萬里磺溪排水幹線,,新北市,萬里區
萬朝溪,,臺東縣,海端鄉
萬朝溪,,花蓮縣,富里鄉
萬朝溪,,,
萬寜排水,,花蓮縣,富里鄉
萬榮排水,,花蓮縣,萬榮鄉
萬興大排,,雲林縣,水林鄉
萬豐支線,,臺中市,霧峰區
萬巒排水幹線,,屏東縣,萬巒鄉
萬巒碑一支線,,屏東縣,萬巒鄉
萬巒碑二支線,,屏東縣,萬巒鄉
義合中排,,臺南市,七股區
義興排水,,嘉義縣,水上鄉
義興溪,,桃園市,復興區
腦寮溪,,南投縣,仁愛鄉
腳毛圳,,南投縣,埔里鎮
萩岡溪,,,
葉子寮溪,,嘉義縣,大林鎮
葉子寮溪,,嘉義或雲林,
葉子寮溪,,,
董門碑排水,,苗栗縣,苑裡鎮
葫蘆坑,,南投縣,中寮鄉
葫蘆肚排水,,新竹縣,峨眉鄉
蜂仔坑,,苗栗縣,公館鄉
蜆仔溝排水,,苗栗縣,竹南鎮
蜈蚣崙排水幹線,,南投縣,埔里
蜈蚣溝,,花蓮縣,富里鄉
蜈蚣溪,,花蓮縣,壽豐鄉
蜈蜞坑,,南投縣,埔里鎮
補拉米溪,,臺東縣,金峰鄉
補拉米溪,,,
裡冷溪,,臺中市,和平區
路利潭支線,,雲林縣,臺西鄉
跳瓜坑,,南投縣,國姓鄉
運河,,高雄市,前鎮區
運動場圳,,臺中市,東勢區
過坑排水分線,,南投縣,草屯
過埤排水,,高雄市,鳳山區
過港溪排水,,苗栗縣,通霄鎮、後龍鎮
過溝排水路,,嘉義縣,東石鄉、布袋鎮
過溝溪,,苗栗縣,通霄鎮
過溪,田子溪,南投縣,竹山鎮
過溪,田子溪,,
過溪子大排,,雲林縣,虎尾鎮、西螺鎮
過路子排水,,嘉義縣,布袋鎮、義竹鄉
達仁溪,,,
達巴拉頓溪,,臺東縣,金峰鄉
達美漢溪,,宜蘭縣,南澳鄉
達茵河對溪,,宜蘭縣,南澳鄉
達茵荷對溪,,宜蘭縣,南澳鄉
達莫溪,,花蓮縣,光復鄉
達莫溪排水,,花蓮縣,光復鄉
酬勤水庫,,臺東縣,綠島鄉
隘丁寮溪,,高雄市,杉林區
隘丁寮溪,,,
隘口排水,,新竹縣,竹北市
隘口寮排水,,苗栗縣,通霄鎮
隘口寮溝,,苗栗縣,通霄鎮
隘口寮溪,,苗栗縣,通霄鎮
隘門1號排水路,,澎湖縣,湖西鄉
隘界圳,,宜蘭縣,員山鄉
隘寮北溪,,,
隘寮南溪,,,
隘寮溪,,,
隘寮溪排水,,"彰化縣,南投縣",
隘寮溪排水幹線,麟洛溪排水,屏東縣,屏東市、麟洛鄉、長治鄉、竹田鄉、萬丹鄉
隘寮溪排水溝,,屏東縣,九如鄉
雷公坑,乾溪,南投縣,竹山鎮
雷公坑,乾溪,,
雷公坑,,苗栗縣,西湖鄉
雷公埤溝,,苗栗縣,竹南鎮
雷公溪,,嘉義縣,大埔鄉
雷厝大排,,雲林縣,麥寮鄉、崙背鄉
電子坑,,南投縣,水里鄉
電子坑,,,
電火溪,城廓圳,臺中市,外埔區
電火溪排水,,臺中市,外埔區、后里區
韮菜坑溪,,,
頓物埤第一秋期幹線,"龍頸溪分洪排水幹線,龍頸溪",屏東縣,內埔鄉
鼎底窩,,臺中市,東勢區
鼓山運河排水,,高雄市,鼓山區
嘉盛排水,,苗栗縣,苗栗市
嘉義排水,,"嘉義縣,嘉義市",
嘉農溪,,花蓮縣萬榮鄉,
嘉農溪,,花蓮縣,光復鄉
嘉興小排,,高雄市,岡山區
嘉興排水,,南投縣,南投市
嘉興排水支線,,南投縣,南投
嘉寶溪,,新北市,林口區
墘溝碑排水,,臺中市,大里區
墘溪,,南投縣,埔里鎮
壽豐溪,,花蓮,
壽豐溪,知呀漢溪,花蓮縣,秀林鄉
壽豐溪,知呀漢溪,,
夢幻湖,,桃園市,中壢區
實谷富溪,,宜蘭縣,大同鄉
寧埔溪,,,
寧靜湖,田寮水庫,高雄市,田寮區
寧靜湖,,嘉義縣,民雄鄉
廍子溪,,,
廍後排水,,宜蘭縣,壯圍鄉
廓子埤支線,,臺中市,北屯區
廓子溪,,臺中市,太平區
廔布魯溪,,臺東縣,達仁鄉
慈恩溪,魯翁溪,花蓮縣,秀林鄉
慈恩溪,魯翁溪,,
慈恩溪,,,
慈湖農莊,,金門縣,金寧鄉
摸乳巷坑,,嘉義縣,大埔鄉
摸乳巷坑,,臺南市,楠西區
旗山區第五號排水,,高雄市,旗山區
旗山溪,,,
旗南灌溉圳,,高雄市,旗山區
榕樹下坑支線,,新竹縣,新埔鎮
榮華溪,,桃園市,復興區
榮華溪,,,
榴公圳,,新北市,新店區
榴公圳,,臺北市,大安區
滬尾漁港,,新北市,淡水區
滯洪壩,,,
滴水坑溪,,臺南市,南化區
滴水坑溪,,,
漁人溪,,臺東縣,蘭嶼鄉
漁澳漁港,,新北市,萬里區
演戲埔腳圳,,新北市,淡水區
漚汪排水,,臺南市,將軍區
漯底排水,,高雄市,彌陀區
熊空溪,,新北市,三峽區
熊空溪,,,
瑪谷溪,,南投縣,仁愛鄉
瑪谷溪,,,
瑪拉拉歐溪,,,
瑪陵坑溪,,,
瑪鋉溪,,,
瑪鍊溪,,新北市,萬里區
瑪鍊漁港,萬里漁港,新北市,萬里區
瑪韃娜溪,,花蓮縣,光復鄉
碧旦溪,,宜蘭縣,南澳鄉
碧旦溪,,,
碧砂漁港,,基隆市,中正區
碧湖溪,,新北市,坪林區
碧湖溪,,,
碧綠溪,,南投縣,仁愛鄉
碧綠溪,,臺中市,和平區
碧綠溪,,,
福安坑溪,,,
福安排水,,高雄市,旗山區、美濃區
福音排水,,花蓮縣,玉里鎮
福烘溪,,臺東縣,東河鄉
福德坑圳,,宜蘭縣,頭城鎮
福德坑溪,,宜蘭縣,頭城鎮
福德坑溪,,新北市,三峽區
福德坑溪,,,
福興坑排水,,彰化縣,芬園鄉
福興坑排水,,南投縣,南投市
福興坑排水幹線,,南投縣,南投
福興溪,,桃園市,新屋區
福興溪排水,,"桃園縣,新竹縣",
福龜圳,,南投縣,國姓鄉
福龜林圳,,南投縣,國姓鄉
福麗分線,,臺中市,龍井區
種瓜坑,,南投縣,國姓鄉
箔子寮大排,,雲林縣,口湖鄉、四湖鄉
箕南窩溪,,新竹縣,湖口鄉
箕湖排水幹線,,屏東縣,新埤鄉
管草溝排水幹線,,彰化縣,伸港鄉
綠川,,,
綠川排水,,臺中市,北區、中區、南區
綠茂溪,,高雄市,桃源區
綠茂溪,,,
維興圳排水支線,,屏東縣,高樹鄉
網尾埤,,新竹市,香山區
網紗溪,,屏東縣,車城鄉
網紗溪,,,
網紗溪排水,,屏東縣,恆春鎮
網寮港,,嘉義縣,東石鄉
翠峰湖,,宜蘭縣,大同鄉
翡翠水庫,,新北市,石碇區
翡翠湖,,新北市,土城區
臺坂溪,,,
舞鶴排水,,花蓮縣,瑞穗鄉
艋舺溪,,,
䓫萊溪,,,
蒼庫溪,,,
蝕溝整治,,,
遠望坑溪,,宜蘭,
酸柑排水,,花蓮縣,玉里鎮
銀聯排水,,臺中市,清水區
銅安支線,,臺中市,大甲區
銅像埤,,臺南市,官田區
銅寮溪,,嘉義縣,梅山鄉
銅鑼圈圳,,苗栗縣,三灣鄉
銅鑼埤,,桃園市,觀音區
餉潭排水支線,,屏東縣,新埤鄉
鳳山水庫,,高雄市,林園區
鳳山圳,,高雄市,鳳山區、鳥松區
鳳山厝支線,,高雄市,大社區、仁武區
鳳山溪,,高雄市,前鎮區
鳳山溪,,,
鳳山溪支線,,新竹縣,竹北市
鳳山溪排水,,高雄市,鳳山區
鳳尾溝區排,,金門縣,金城鎮金寧鄉
鳳林溪,,,
鳳梨坑,,嘉義縣,大埔鄉
鳳梨坑,,臺南市,南化區
鳳梨坑,,,
鳳溪,,花蓮,
鳳溪,巴托魯溪,花蓮縣,秀林鄉
鳳溪,巴托魯溪,,
鳳義坑排水,,花蓮縣,鳳林鎮
鳳鳴排水幹線,,屏東縣,竹田鄉
鳴頭坑,,臺南市,大內區
鼻頭溪,,,
鼻頭漁港,,新北市,瑞芳區
劉庄排水,,高雄市,美濃區
劉厝中排二,,臺南市,西港區、佳里區
劉厝排水,,臺南市,佳里區、西港區、七股區
劉厝排水,,高雄市,岡山區
劉厝溪,,臺中市,南屯區
劉陳坑,,臺南市,玉井區
劍潭水庫,,苗栗縣,三灣鄉
寮仔地溝排水幹線,,彰化縣,伸港鄉
廟仔坑,,臺南市,六甲區
廟後坑,,臺南市,六甲區
廟料坑,,宜蘭縣,冬山鄉
廣東排水,,花蓮縣,瑞穗鄉
廣源記圳,,新竹縣,新埔鎮
廣福溝支線,,桃園市,觀音區
廣興排水,,宜蘭縣,羅東鎮、冬山鄉
德元埤,,臺南市,六甲區
德盛溪,,新竹縣,湖口鄉
德盛溪排水,,"桃園縣,新竹縣",
德慶溪,,,
德興池,拐子湖,苗栗縣,三義鄉
德龜溪,,新竹縣,新豐鄉
德龜溪,,,
德龜溪中崙支線,,新竹縣,新豐鄉
撤林子埤,,高雄市,三民區
樁谷溪,,南投縣,仁愛鄉
樂樂溪,,臺東,
樂樂溪,,南投縣,信義鄉
樂樂溪,拉庫拉庫溪,花蓮縣,卓溪鄉
樂樂溪,拉庫拉庫溪,,
樟仔腳溝支線,,臺中市,后里區
樟湖坑,,南投縣,埔里鎮
樟湖坑溪,,南投縣埔里鎮一新里,
樟湖溪,,南投縣,國姓鄉
樟腦寮坑,,新竹縣,關西鎮
潭子底排水,,高雄市,梓官區、岡山區
潭仔底溝,,高雄市,岡山區
潭底排水,,高雄市,岡山區
潭底A小排,,高雄市,岡山區
潭頂溪,,臺南市,新市區
潭頂溪,,,
潮州寮排水,,高雄市,大寮區
潮洋溪,,臺中市,西屯區
澄清湖,大貝湖,高雄市,鳥松區
犛園寮坑,,苗栗縣,卓蘭鎮
盤山坑溪,,新北市,雙溪區
碼崙溪,,宜蘭縣大同鄉,
箭竹窩幹線,,新竹縣,新埔鎮
線尾溪,,臺南市,善化區
線美溪,,臺南市,麻豆區
蓮生坑,,南投縣,國姓鄉
蓮池,,花蓮縣,光復鄉
蓮花池,,臺南市,官田區
蓮花池,,花蓮縣,秀林鄉
蓮花池坑,,南投縣,魚池鄉
蓮花池溝,,屏東縣,車城鄉
蓮花潭,,高雄市,左營區
蓮花潭,,臺南市,關廟區
蓮庵區排,,金門縣,金湖鎮
蔗廓坑,,苗栗縣,獅潭鄉
蔡屋坑幹線,,新竹縣,新埔鎮
蔡屋坑溪,,,
蔥子寮中排,,臺南市,麻豆區、佳里區
蔥子寮排水,,臺南市,麻豆區、佳里區
蔦松大排,,雲林縣,口湖鄉、水林鄉
蝦仔坑,,嘉義縣,梅山鄉
蝦仔坑,,,
衛生一號排水,,臺南市,新化區
談文湖排水,,苗栗縣,造橋鄉
豬灶溪,,嘉義縣,梅山鄉
豬屠溝,,嘉義縣,中埔鄉
賛寮溝排水,,嘉義縣,布袋鎮
醉夢溪,,,
霄埤,,桃園市,平鎮區
霄裡池,,桃園市,八德區
霄裡溪,,桃園市,龍潭區
霄裡溪,,,
霄裡溪排水幹線,,桃園市,八德區、大溪區、平鎮區
鞍馬溪,,臺中市,和平區
養魚排水,,臺南市,學甲區、下營區、麻豆區
駝背橋坑,,苗栗縣,卓蘭鎮
魯丹溪,,花蓮縣,秀林鄉
魯丹溪,,,
黎明溝,,臺中市,南屯區
奮起大排,,雲林縣,土庫鎮
學仔溪,,嘉義縣,中埔鄉
學田排水,,花蓮縣,富里鄉
學甲排水,,臺南市,學甲區
學甲寮排水,,臺南市,安南區
學校坑,,彰化縣,彰化市
學校埤,,桃園市,觀音區
憨狗崙坑,,南投縣,中寮鄉
戰車壕溝排水,,高雄市,永安區
撻仔彎排水幹線,,南投縣,中寮
樹子腳大排,,雲林縣,莿桐鄉
樹子腳排水支線,,彰化縣,和美鎮
樹玉碑排水,,臺中市,烏日區、大里區
樹杞林圳,,新竹縣,竹東鎮
樹林排水,,新竹縣,新豐鄉
樹林溪,七股大排,臺南市,七股區
樹林溪,七股中排,臺南市,七股區
樹林溪,七股中排,,
樹梅坑溪,,新北市淡水區坪頂里,
樹湖溪,,花蓮縣,壽豐鄉
樹湖溪排水,,花蓮縣,壽豐鄉
樹橋窩,,新竹縣,關西鎮
橋頭排水,,雲林縣,麥寮鄉
橋頭港埤排水,,臺南市,下營區、六甲區、官田區
橋頭寮溪,,臺中市,沙鹿區
機場排水支線,,嘉義市,西區
橫山大埤,,桃園市,大園區
橫山支線,,新竹縣,橫山鄉
橫山排水,,高雄市,燕巢區
橫山溝,,高雄市,田寮區
橫圳支線,,南投縣,集集鎮
橫坑,,臺中市,北屯區
橫坑,,苗栗縣,卓蘭鎮
橫坑溪,,嘉義縣,中埔鄉
橫坑溪,,,
橫流溪,,臺中市,和平區
橫科溪,,新北市,汐止區
橫溝,,高雄市,美濃區
橫溪,,,
橫窠子排水幹線,,新北市,泰山區
橫窠溪,,新北市,林口區
橫礁1號排水路,,澎湖縣,西嶼鄉
澳底溝支線,,臺中市,清水區
澳底漁港,,新北市,貢寮區
澳花溪,,,
濁口溪,,屏東縣,高樹鄉
濁水坑,,臺南市,大內區
濁水坑,,臺中市,北屯區
濁水坑溪,,臺中市,太平區
濁水排水幹線,,南投縣,名間
濁水排水幹線─1,,南投縣,名間
濁水排水幹線─2,,南投縣,名間
濁水排水幹線─3,,南投縣,名間
濁水溪,,嘉義縣竹崎鄉、番路鄉,
濁水溪,西螺溪,彰化縣,大城鄉
濁水溪,西螺溪,雲林縣,麥寮鄉
濁水溪,西螺溪,,
濁水溪,,雲林縣,林內鄉
濁水溪,,南投縣,名間鄉
濁水溪,奇萊主溪,南投縣,仁愛鄉
濁水溪,奇萊主溪,,
濁水溪,馬咕帶溪,花蓮縣,玉里鎮
濁水溪,馬咕帶溪,,
濁水溪,,,
濁水溪上游,,嘉義縣,竹崎鄉
燈潭河,,桃園市,龍潭區
燈潭河,,,
燒灰子坑,,臺南市,大內區
燒炭坑,,高雄市,美濃區
燒炭窩坑幹線,,新竹縣,新埔鎮
燒炭窩溪,,新竹縣,新埔鎮
燒寮坑,,南投縣,水里鄉
燕子巢,,高雄市,田寮區
燕坑,,苗栗縣,銅鑼鄉
獨座溪,,嘉義縣,番路鄉
磨力溪,,嘉義縣,梅山鄉
磨仔港溪,,花蓮縣,卓溪鄉
篤加排水,,臺南市,七股區
興仁溪,興化店溪,新北市,淡水區
興化店溪,興仁溪,新北市,淡水區
興化店溪,,新北市,淡水區
興化廍排水幹線,,屏東縣,萬丹鄉
興臺支線,,臺中市,霧峰區
興安中排四,,"雲林縣,嘉義縣",
興安排水,,"雲林縣,嘉義縣",
興店圳,,新北市,三芝區
興達港,,高雄市,永安區
蕃子澳漁港,,新北市,瑞芳區
蕃薯厝大排,,雲林縣,水林鄉
蕃薯溪,,宜蘭縣,頭城鎮
蕃薯溪,,,
蕃薯寮溪,,花蓮縣,壽豐鄉
蕃薯寮溪,,,
蕉仔湖溪,,嘉義縣,中埔鄉
褲頭溝,,高雄市,田寮區
豫章湖,,桃園市,中壢區
貓公溪,八里灣溪,花蓮縣,瑞穗鄉
貓公溪,八里灣溪,,
貓尾崎排水幹線,,桃園市,蘆竹區
貓兒錠幹線,,新竹縣,竹北市
貓羅坑排水,,彰化縣,芬園鄉
貓羅溪,,臺中市,烏日區
貓羅溪,,南投縣,草屯鎮
賴仲坑排水幹線,,新北市,深坑區
錢厝坑,,新北市,泰山區
錢厝坑支線,,新北市,泰山區
錦山溝支線排水,,苗栗縣,苑裡鎮
錦安坑,,彰化縣,員林市
錦屏溪,,新竹縣,尖石鄉
錦湖排水,,臺南市,北門區
錫板溪,,新北市,三芝區
霍俄索溪,俄索溪,,
霍俄索溪,,高雄市,桃源區
靜心湖,,新竹市,東區
靜浦排水,,花蓮縣,豐濱鄉
頭份排水,,宜蘭縣,宜蘭市、員山鄉
頭坑,,臺南市,南化區
頭坑溪,,南投縣,信義鄉
頭汴坑溪,,,
頭汴坑溪,南溪,臺中市,大里區
頭汴坑溪,南溪,,
頭社水庫,,南投縣,魚池鄉
頭社排水溝,,南投縣,魚池鄉
頭前厝排水分線,,南投縣,草屯
頭前厝排水支線,,彰化縣,和美鎮
頭前溪,,金門縣,
頭前溪,,嘉義縣,水上鄉
頭前溪,,新竹市,北區
頭前溪,,新北市,萬里區
頭前溪支線,,臺中市,霧峰區
頭洲溪,,桃園市,新屋區
頭重溪,,桃園市,楊梅區
頭重溪幹線,,桃園市,楊梅區
頭埤圳,,臺中市,東勢區
頭崙埔排水幹線,,彰化縣,鹿港鎮
頭港排水,,臺南市,學甲區、北門區
頭湖圳,,苗栗縣,後龍鎮
頭溝水圳,,屏東縣,潮州鎮
頭溝水排水幹線,,屏東縣,萬巒鄉
頭溝排水支線,,屏東縣,恆春鎮
頭溝溪排水,,屏東縣,萬巒鄉
頭溢坑,,臺中市,東勢區
頭溪,,雲林縣,古坑鄉
頭隘坑排水,,臺中市,東勢區
頭隘坑溪,,,
頭橋排水,,嘉義縣,民雄鄉
駱駝坑,,臺中市,太平區
鴛鴦湖,,新竹縣,尖石鄉
鴨母坑排水,龍洞溪,苗栗縣,西湖鄉
鴨母坔排水路,,嘉義縣,新港鄉、民雄鄉
鴨母寮排水,,嘉義縣,布袋鎮、朴子市、鹿草鄉
鴨母寮排水,,高雄市,路竹區
龍山港,,臺南市,七股區
龍井排水,,臺中市,龍井區
龍目井溪,,臺南市,玉井區
龍目井溪,,,
龍坑支線,,苗栗縣,後龍鎮
龍形溪,,,
龍形溪排水幹線,,新北市,八里區
龍昇排水支線,,苗栗縣,造橋鄉、後龍鎮
龍虎斗坑,,臺中市,潭子區
龍虎鬪坑排水,,臺中市,潭子區
龍門1號排水路,,澎湖縣,湖西鄉
龍門2號排水路,,澎湖縣,湖西鄉
龍門溪,,臺東縣,蘭嶼鄉
龍南排水幹線,,南投縣,南投
龍南幹線,,桃園市,平鎮區、龍潭區
龍泉圳,,南投縣,草屯鎮
龍泉溪,,彰化縣,彰化市
龍泉溪,,臺東縣,池上鄉
龍泉溪,,新北市,土城區
龍泉溪,,,
龍洞溪,,苗栗縣,西湖鄉
龍洞溪,,,
龍洞漁港,,新北市,貢寮區
龍宮排水,,嘉義縣,布袋鎮
龍崗北坑,,臺中市,龍井區
龍崗南坑,,臺中市,龍井區
龍喉坑,,彰化縣,彰化市
龍港漁港,,苗栗縣,後龍鎮
龍蛟水溪,,,
龍蛟溪,,嘉義縣,大埔鄉
龍溪,,花蓮,
龍溪,巴托蘭溪,花蓮縣,秀林鄉
龍溪,巴托蘭溪,,
龍鳳排水,,苗栗縣,竹南鎮、頭份鎮
龍鳳漁港,,苗栗縣,竹南鎮
龍潭池排水支線,,屏東縣,新埤鄉
龍潭湖,,宜蘭縣,礁溪鄉
龍樹坑埤,,桃園市,大園區
龍頸溪,,,
龍頸溪排水幹線,,屏東縣,內埔鄉、竹田鄉
龍鑾潭,,屏東縣,恆春鎮
龍鑾潭排水溝,,屏東縣,恆春鎮
龍鑾潭A線,,屏東縣,恆春鎮
龍鑾潭B線,,屏東縣,恆春鎮
龜子港排水,,臺南市,六甲區、柳營區、下營區
龜山排水,,新竹縣,峨眉鄉
龜山漁港,,宜蘭縣,頭城鎮
龜丹溪,,臺南市,楠西區
龜內溪,,新北市,貢寮區
龜仔坑,,南投縣,魚池鄉
龜吼漁港,,新北市,萬里區
龜坑排水幹線,,南投縣,國姓
龜坑排水幹線─1,,南投縣,國姓
龜坑排水幹線─2,,南投縣,國姓
龜坑排水幹線─3,,南投縣,國姓
龜洞溪,,臺南市,關廟區
龜重溪,,,
龜殼溪,,臺中市,大安區
龜墓埤,,桃園市,觀音區
龜潭,,宜蘭縣,頭城鎮
龜頭坑,,臺南市,南化區
檍仔林坑,,嘉義縣,大埔鄉
檍仔林坑,,臺南市,楠西區
檜溪,,花蓮,
檜溪,,花蓮縣,秀林鄉
檨仔林坑,,臺南市,楠西區
澀子坑,,南投縣,國姓鄉
澀仔坑溪,,,
濟水坑,,南投縣,草屯鎮
濫埤,,桃園市,龍潭區
濱海排水,,花蓮縣,吉安鄉
營前排水,,高雄市,路竹區
營後排水,,臺南市,學甲區
營盤口排水支線,,南投縣,草屯
營盤坑排水,,苗栗縣,西湖鄉
營盤坑溪,,桃園市,蘆竹區
營盤溪,,桃園市,蘆竹區
燥坑,,臺中市,東勢區
燥坑排水分線,,新竹縣,芎林鄉
燥坑溪,,,
環溝埤幹線,,屏東縣,恆春鎮
磺港溪,,,
磺港漁港,,新北市,金山區
磺溪,,,
磺窟溪,,新北市,新店區
磺窟溪,,,
礁雙溪,,臺南市,南化區
糞箕湖幹線,,臺南市,白河區
糞箕窩溪,,新竹縣,湖口鄉
糞箕窩溪排水,,新竹縣,湖口鄉
糠榔排水,,臺中市,清水區
糠榔溪,,桃園市,新屋區
糠溝溪,,苗栗縣,通霄鎮
總爺排水,,臺南市,麻豆區
聯合排水,,花蓮縣,吉安鄉
薯寮溪,,,
螺仔溪,,,
講美1號排水路,,澎湖縣,白沙鄉
謝厝寮中排一,,臺南市,麻豆區
避風港,,高雄市,茄萣區
避風港,,彰化縣,鹿港鎮
避風港,,屏東縣,恆春鎮
鍋底嵙溝排水,,臺中市,東勢區
鍾連溪,,嘉義縣,大埔鄉
闊闊庫溪,,,
闊闊庫溪,,宜蘭,
闊闊庫溪,,宜蘭縣,南澳鄉
闊闊庫溪,,花蓮縣,秀林鄉
闊闊斯溪,,花蓮縣,卓溪鄉
霞喀羅溪,,,
霞雲溪,,桃園市,復興區
鴿鳥坑溪,,臺中市,霧峰區
甕仔坑,,嘉義縣,大埔鄉
甕仔坑,,臺中市,北屯區
禮門溪,,,
翻社坑溪,,宜蘭縣大同鄉,
舊二林溪,,彰化縣,二林鎮
舊公館二圳,,新北市,金山區
舊公館圳,,新北市,金山區
舊生毛樹溪,大溪,,
舊田宮後排水,,花蓮縣,玉里鎮
舊田排水,,花蓮縣,玉里鎮
舊庄大排,,雲林縣,大埤鄉
舊庄中排,,雲林縣,大埤鄉
舊坔埔排水,,高雄市,鳥松區
舊社坪排水支線,,南投縣,南投
舊社埤,,彰化縣,芬園鄉
舊社溝支線,,臺中市,后里區
舊虎尾溪,,,
舊洋子厝溪排水支線,,彰化縣,鹿港鎮
舊洋仔厝溪,,彰化縣,鹿港鎮
舊班鳩溪,,臺東縣,卑南鄉
舊埤,,桃園市,觀音區
舊莊溪,,臺中市,清水區
舊許厝中排,,雲林縣,東勢鄉
舊頂埤頭大排,,雲林縣,二崙鄉、西螺鎮、莿桐鄉
舊港圳,,新竹縣,竹北市
舊港西側排水,,高雄市,彌陀區
舊港排水,,宜蘭縣,壯圍鄉
舊港排水,,高雄市,彌陀區
舊路溪排水幹線,,桃園市,龜山區
舊寮溪,,宜蘭縣,冬山鄉
舊濁水溪,麥嶼溪,彰化縣,福興鄉
舊濁水溪,麥嶼溪,,
薩夫薩夫魯夫溪,,高雄市,桃源區
薩克亞金溪,,新竹縣,尖石鄉
薩克亞金溪,,,
藍仔田坑,,彰化縣,花壇鄉
覆鼎金圳,,高雄市,三民區
豐山山邊排水,,花蓮縣,壽豐鄉
豐山排水,,花蓮縣,壽豐鄉
豐田排水,,臺東縣,臺東市
豐田排水,,花蓮縣,壽豐鄉
豐里排水,,臺東縣,臺東市
豐坪排水,,花蓮縣,壽豐鄉
豐坪溪,,臺東,
豐坪溪,太平溪,花蓮縣,玉里鎮
豐坪溪,太平溪,,
豐坪溪上游(太平溪上,,花蓮縣,卓溪鄉
豐泉圳,,南投縣,國姓鄉
豐源排水,,臺東縣,臺東市
豐裡排水,,花蓮縣,壽豐鄉
豐濱溪,,,
轉溝水圳,,苗栗縣,公館鄉
鎮平溪支線,,臺中市,烏日區
雙叉港排水支線,,南投縣,草屯
雙水潭,,嘉義縣,梅山鄉
雙坑溪,,南投縣中寮鄉,
雙面坑,,宜蘭縣,頭城鎮
雙連埤,,桃園市,觀音區
雙連埤,,宜蘭縣,員山鄉
雙連溪,,桃園市,中壢區
雙溝,,臺南市,大內區
雙溪,,高雄市,美濃區
雙溪,,新北市,貢寮區
雙溪,,新竹縣,寶山鄉
雙溪口排水,,嘉義縣,朴子市
雙溪口溪,,桃園市,大園區
雙溪口溪幹線,,桃園市,大園區
雙溪子坑,,臺南市,大內區
雙腳圳,,高雄市,鼓山區
雙龍坑,甕子坑,南投縣,草屯鎮
雙龍坑,甕子坑,,
雞柔排溪,,嘉義縣,番路鄉
雞籠坑,,桃園市,龍潭區
額落烏溪,,,
鯉魚石坑,,苗栗縣,銅鑼鄉
鯉魚尾坑,,南投縣,竹山鎮
鯉魚潭,,南投縣,埔里鎮
鯉魚潭,,花蓮縣,壽豐鄉
鯉魚潭支線,,南投縣,埔里鎮
鯉魚潭水庫,,苗栗縣,大湖鄉
鯉魚頭坑,,南投縣,竹山鎮
鵝尾墩排水,,雲林縣,口湖鄉
壟鈎坑溪,,新北市,五股區
壟鉤坑,,新北市,五股區
寳斗溪,,,
廬芝坑溝,,臺南市,大內區
瀧乃溪,,,
瓊林區排,,金門縣,金湖鎮
瓊林排水,,高雄市,燕巢區
羅東溪,,,
羅英溪,,花蓮縣,光復鄉
羅英溪,,,
羅厝大埤,,桃園市,中壢區
羅莊排水,,宜蘭縣,羅東鎮
羅莫溪排水,,花蓮縣,光復鄉
羅葉尾溪,,宜蘭縣,大同鄉
藤寮坑溪,,新北市,石碇區
藤寮溪,,花蓮縣,卓溪鄉
藤橋溪,,臺東縣,東河鄉
鏡面水庫,,臺南市,南化區
關刀山坑,,苗栗縣,大湖鄉
關刀溪,,南投縣,仁愛鄉
關山大排水,,臺東縣,關山鎮
關山國小排水,,臺東縣,關山鎮
關廟溪,,臺南市,關廟區
霧社溪,,南投縣,仁愛鄉
霧峰圳,,臺中市,霧峰區
霧鹿溪,,臺東縣,
霧霜排水,,南投縣,名間鄉
鯤洲排水,,高雄市,旗山區
鯤鯓湖,,臺南市,"南區,安平區"
麒麟坑,,彰化縣,員林市
麒麟潭,,南投縣,鹿谷鄉
麗太溪排水,,花蓮縣,光復鄉
麗水排水,,臺中市,龍井區
麗池,,新竹市,東區
寶山水庫,,新竹縣,寶山鄉
寶斗厝坑,"麒麟坑,寶斗厝坑溪",新北市,林口區
寶里苦溪,,桃園市,復興區
寶典溪,,,
寶珠排水溝,,高雄市,"三民區,鼓山區"
寶華木坑溪,,,
瀰力河,,屏東縣,里港鄉
蘆竹坑,,,
蘆竹埤,,桃園市,中壢區
蘆芝坑溪,,,
蘇耶里溪,,,
蘇厝寮中排一,,臺南市,佳里區
蘇魯坑,,苗栗縣,卓蘭鎮
騰崎仔腳溪,,嘉義縣,梅山鄉
鹹水坑,,南投縣,國姓鄉
籐寮坑溪,,新北市,石碇區
籐橋溪,,,
蘭湖區排,小徑區排,金門縣,金湖鎮
護城河,,臺南市,安平區
鐮仔坑排水,,臺中市,豐原區
鐵線1號排水路,,澎湖縣,馬公市
鐵線2號排水路,,澎湖縣,馬公市
鐵線3號排水路,,澎湖縣,馬公市
露門溪,,新北市,烏來區
鶯歌溪,,,
鶯歌溪排水,"鶯歌溪,兔子坑溪","新北市,桃園縣",
鶴岡排水,,花蓮縣,瑞穗鄉
鶴岡溪,,花蓮縣,瑞穗鄉
讀卜吾溪,,臺東縣,金峰鄉
讀吾溪,,,
鰲鼓附帶排水路,,嘉義縣,東石鄉
鰲鼓排水路,,嘉義縣,東石鄉
鱉溪,,,
巖後埤,,臺南市,六甲區
巖埤,,臺南市,六甲區
體育館區排,,金門縣,金城鎮
𩻸魚堀溪,,,
麟洛溪,,屏東縣,"竹田鄉,萬丹鄉"
罐子埤,,桃園市,大園區
鷺山坑,,臺中市,"沙鹿區,龍井區"
鷺山坑溪,,,
鹽土坑,,南投縣,國姓鄉
鹽土坑排水支線,,南投縣,魚池
鹽土坑溪,,南投縣魚池鄉共和村,
鹽土溪,,南投縣,魚池鄉
鹽井坑,,臺南市,六甲區
鹽水大埤,,臺南市,新化區
鹽水坑,,苗栗縣,獅潭鄉
鹽水坑溝,,臺南市,龍崎區
鹽水坑溪,,臺南市,南化區
鹽水南線排水,,臺南市,新營區
鹽水排水,,臺南市,新營區、鹽水區
鹽水溪排水,,"臺南縣,臺南市",
鹽田排水,,臺南市,北門區
鹽地仔溝,,高雄市,田寮區
鹽地仔溝,,臺南市,龍崎區
鹽原排水,,臺南市,北門區、學甲區
鹽埔漁港,,屏東縣,東港鎮
鹽埕排水,,高雄市,彌陀區
鹽埕溪,,花蓮縣,富里鄉
鹽埕溪,,,
鹽桑坑,,高雄市,甲仙區
鹽桑坑溪,,,
鹽港溪,,新竹縣,寶山鄉
鹽港溪排水,,"新竹縣,新竹市,苗栗縣",
鹽管溝排水,,嘉義縣,布袋鎮
鹽寮漁港,,花蓮縣,壽豐鄉
鹽濱一號圳,,臺東縣,成功鎮
鹽濱二號圳,,臺東縣,成功鎮
鹽濱三號圳,,臺東縣,成功鎮
鹽濱六號圳,,臺東縣,成功鎮
鹽濱四號圳,,臺東縣,成功鎮
灣內區小排一,,嘉義縣,六腳鄉
灣坑,,嘉義縣,梅山鄉
灣潭埤,,桃園市,"大園區,觀音區"
灣潭溪,,嘉義縣,中埔鄉
灣潭溪,,宜蘭縣,頭城鎮
灣橋排水,,嘉義縣,竹崎鄉、番路鄉
灣橋排水溝,,嘉義市,東區
灣橋排水溝,,嘉義縣,"番路鄉,竹崎鄉"
灣寶排水,,苗栗縣,後龍鎮
觀石溪,,嘉義縣,中埔鄉
觀光大池,龍潭埤,桃園市,龍潭區
觀音山圳,,南投縣,埔里鎮
觀音山溪,,南投縣,埔里鎮
觀音坑,,臺中市,"東勢區,和平區"
觀音坑溪,,新北市,五股區
觀音坑溪排水幹線,,新北市,五股區
觀音排水,,花蓮縣,玉里鎮
觀音湖,總督埤,高雄市,仁武區
觀音溪坑溪,,,
觀音溪幹線,,桃園市,大溪區
鱸曼洞圳,,南投縣,國姓鄉
虌溪,,花蓮縣,富里鄉
鸞山溪,,,
𤩲瑪蘭坑溪,,,